first_name;last_name;email;company;street;street suffix;street number;city;zip;services
Conney;Salliss;csalliss0@tumblr.com;Will Inc;Kipling;Junction;28;Sandy Bay;77461;1,6
Kathye;Scutchin;kscutchin1@cam.ac.uk;Schaden-Ratke;Eliot;Center;3;Az Zarbah;10204;14,15
Kelvin;Applegarth;kapplegarth2@redcross.org;Konopelski-Strosin;Fuller;Circle;22;Camilo Aldao;49948;15
Ophelie;Gerger;ogerger3@so-net.ne.jp;McCullough-Johns;American Ash;Plaza;27;Mambi;18114;4,5
Cyrillus;Kenrick;ckenrick4@e-recht24.de;Kirlin-Dooley;Bowman;Center;17;Yanghu;63450;2,4,5
David;Leasor;dleasor5@so-net.ne.jp;Smitham LLC;Rusk;Trail;29;Totness;79540;2,4
Rozamond;McDell;rmcdell6@umn.edu;Mayert-Stoltenberg;Kinsman;Plaza;19;Xilanqi;96031;8,9
Kelli;Kantor;kkantor7@is.gd;Kreiger and Sons;Golf;Junction;9;Chaihu;30034;11
Brodie;Paulsson;bpaulsson8@earthlink.net;Kris Inc;Nevada;Center;4;Caohezhang;82586;10
Beryl;Zecchinii;bzecchiniia@devhub.com;Hand and Sons;Schlimgen;Street;27;Salto;57529;12
Quinlan;Sperry;qsperryb@biblegateway.com;Nienow-Schultz;Superior;Road;12;Zarechnyy;20766;8,9
Benji;Caen;bcaenc@amazon.de;Moen, Gutkowski and Hintz;Barby;Court;15;Belawang;91393;1,6,12
Leeanne;d' Elboux;ldelbouxd@plala.or.jp;Lubowitz Group;Annamark;Point;26;Linamon;21731;11
Vere;Levermore;vlevermoree@cbslocal.com;Walter, Schumm and Paucek;Meadow Valley;Terrace;23;Wenfeng Zhen;80305;9
Devina;Baser;dbaserf@umich.edu;Gaylord, Huels and Ledner;Scofield;Junction;7;Pidhaytsi;28798;13,14,15
Christie;Folk;cfolkg@kickstarter.com;Ondricka, Rippin and Schamberger;Loeprich;Point;7;Dayin;89598;2,3,4,5,7
Vonni;McCready;vmccreadyh@liveinternet.ru;Blanda Group;Glacier Hill;Circle;12;Agbani;63373;6,7
Christy;Posnett;cposnetti@omniture.com;O'Conner Inc;Golf Course;Alley;23;Järfälla;61034;8,9,10,11
Rhona;Ewbank;rewbankj@pen.io;Beatty-Anderson;Packers;Drive;1;Quimbaya;82795;10,11
Timothy;Warstall;twarstallk@apple.com;Olson, Mohr and Ritchie;Basil;Court;20;Miribanteng;89204;3,4,5,6,7
Correy;Hoopper;choopperl@epa.gov;Fritsch-O'Keefe;Kenwood;Parkway;25;Taldom;64220;1,12,13,14,15
Lida;Durran;ldurranm@privacy.gov.au;Crist, Feeney and Schulist;Melody;Crossing;20;Baltimore;25927;1,6
Cori;Gallie;cgallien@zimbio.com;Ward-Lockman;Coolidge;Circle;17;Lučina;63900;14,15
Annadiana;O'Flynn;aoflynno@miitbeian.gov.cn;Jones Inc;Claremont;Place;15;Chachagüí;67463;15
Frieda;Trenholme;ftrenholmep@tmall.com;Carroll, Smitham and Hettinger;Dapin;Circle;6;Tianjin;27408;4,5
Cecelia;Fyfe;cfyfeq@mail.ru;Schmitt-Langosh;Haas;Place;2;Balugo;20438;2,4,5
Coral;Cornelius;ccorneliusr@abc.net.au;Wolff, Schaden and Friesen;Ohio;Center;15;Bryan;63122;2,4
Druci;Rois;droiss@princeton.edu;Bernier, Friesen and Larson;Susan;Terrace;25;Goraj;90262;8,9
Bourke;Tonge;btonget@networksolutions.com;Hodkiewicz and Sons;Barnett;Court;6;Tëplaya Gora;58376;11
Katuscha;Cabrara;kcabrarau@geocities.jp;Ernser Inc;Lakeland;Terrace;28;Nova Odessa;21704;10
Fowler;Burnet;fburnetv@technorati.com;Greenholt LLC;Park Meadow;Drive;24;Takai;78893;12
Grady;Jaher;gjaherw@hud.gov;Rogahn LLC;Stuart;Place;15;Pavlovsk;83358;8,9
Joane;Power;jpowerx@forbes.com;Kuhn, Stiedemann and Huel;Redwing;Crossing;9;San Bernardino;70340;1,6,12
Audre;Connew;aconnewy@who.int;Bosco, Gorczany and Spencer;Glendale;Pass;11;Limon;82013;11
Kirbee;Townend;ktownendz@mit.edu;Langworth-Hilpert;Sage;Park;29;Rouyuan;10821;9
Donica;Scrase;dscrase10@spiegel.de;Daniel, Hirthe and Sporer;David;Street;21;Phatthaya;63327;13,14,15
Baird;Twamley;btwamley11@diigo.com;Mueller, Romaguera and Langworth;Heath;Way;2;São Cristóvão;18287;2,3,4,5,7
Winifred;Shenton;wshenton12@cnbc.com;Carter-Dare;Badeau;Circle;12;Klutuk;61467;6,7
Hanny;Threlkeld;hthrelkeld13@nationalgeographic.com;Bergstrom LLC;Rutledge;Alley;11;Thị Trấn Quán Lào;35426;8,9,10,11
David;Hewins;dhewins14@jugem.jp;Mosciski, Lynch and Walker;Hanover;Point;15;Clorinda;41400;10,11
Natasha;Aylin;naylin15@digg.com;Sawayn, Ebert and Bogisich;Thackeray;Avenue;15;Hujiaba;36683;3,4,5,6,7
Edmon;Lethlay;elethlay16@yellowpages.com;Goodwin Inc;Shoshone;Crossing;23;Trindade;96644;1,12,13,14,15
Hurleigh;Champneys;hchampneys17@nifty.com;Jones, Romaguera and Gleason;Waubesa;Street;27;Ketian;98229;1,6
Danyelle;Mostin;dmostin18@java.com;Waters-Leannon;Fremont;Terrace;3;Várzea;32361;14,15
Rustin;Kean;rkean19@sbwire.com;Reynolds Group;Waxwing;Court;8;Banjiang;34934;15
Denice;Jachimczak;djachimczak1a@oakley.com;Gutkowski LLC;Jay;Avenue;27;Runaway Bay;71658;4,5
Lou;Badrock;lbadrock1b@ezinearticles.com;Schuster, Gleason and Runolfsson;Pepper Wood;Point;5;Gaocheng;86673;2,4,5
Winonah;Brothers;wbrothers1c@360.cn;Lang-Emmerich;6th;Court;24;Luanshya;37151;2,4
Shirley;Exton;sexton1d@wordpress.com;Carter, Roberts and Walsh;Mariners Cove;Alley;18;Lampuyang;53694;8,9
Pamella;Zucker;pzucker1e@vimeo.com;Mohr Group;Oriole;Alley;21;Peuara;75269;11
Marty;Holwell;mholwell1f@gnu.org;Dach LLC;Johnson;Center;17;Pieńsk;28020;10
Kenton;Beathem;kbeathem1g@comcast.net;Harber-Kub;Pepper Wood;Drive;20;Magsaysay;86708;12
Wallache;Stanislaw;wstanislaw1h@nbcnews.com;Schulist-Bednar;Marquette;Point;21;Bulqizë;72184;8,9
Kimball;Blackeby;kblackeby1i@ning.com;Gislason Inc;Nova;Junction;14;Padre Bernardo;13240;1,6,12
Aloysia;Chaundy;achaundy1j@statcounter.com;Ferry-Beatty;Coleman;Court;2;Kario;25221;11
Estevan;Stocky;estocky1k@yandex.ru;Feil and Sons;Lindbergh;Place;3;Sindangrasa;78366;9
Florenza;Kinny;fkinny1l@weibo.com;Johnson, Marquardt and Blick;Morningstar;Terrace;13;Inashiki;34836;13,14,15
Elfreda;Freiberg;efreiberg1m@slate.com;Champlin, Kling and Schuster;Manley;Avenue;14;Lieksa;79858;2,3,4,5,7
Janos;Gerault;jgerault1n@oaic.gov.au;Murphy-Kessler;Charing Cross;Pass;7;Donskoy;47710;6,7
Blinni;Mucklestone;bmucklestone1o@europa.eu;Jacobi, Deckow and Vandervort;Spaight;Circle;28;Nice;28354;8,9,10,11
Morgen;Harmar;mharmar1p@irs.gov;Gutmann, Thompson and Goyette;Ridge Oak;Place;16;Monte Aprazível;18162;10,11
Saundra;Ghidelli;sghidelli1q@acquirethisname.com;Baumbach-Schroeder;School;Hill;4;Bukedea;72035;3,4,5,6,7
Cornie;Blest;cblest1r@columbia.edu;Paucek-Kunze;Ridgeview;Parkway;24;Los Algarrobos;28176;1,12,13,14,15
Darcy;Warlowe;dwarlowe1s@live.com;Beahan, Spinka and Torphy;Burning Wood;Parkway;16;Gandusari;69392;1,6
Oralee;Swaffer;oswaffer1t@ebay.co.uk;Fadel, Kautzer and Gorczany;Saint Paul;Avenue;4;Kaa-Khem;81814;14,15
Harmon;Dyhouse;hdyhouse1u@wp.com;Wiza-Christiansen;Farragut;Way;17;Nanniu;81227;15
Michaella;Regitz;mregitz1v@howstuffworks.com;Kozey-Lueilwitz;Northridge;Circle;21;Biyan;79646;4,5
Stoddard;Risley;srisley1w@edublogs.org;Raynor Group;Dottie;Circle;25;Mỹ Tho;43685;2,4,5
Cindee;Binden;cbinden1x@hp.com;Lemke Inc;Claremont;Hill;3;Sridadi;36831;2,4
Alford;Nation;anation1y@si.edu;Kertzmann-Dickens;Delladonna;Parkway;22;Serpukhov;58834;8,9
Justin;Neighbour;jneighbour1z@sciencedirect.com;Kautzer-West;Portage;Crossing;16;Wien;88289;1,6
Opaline;Godspeede;ogodspeede20@uiuc.edu;Sauer Inc;Marcy;Circle;4;Xiangang;80568;14,15
Malinda;Gulleford;mgulleford21@trellian.com;Friesen and Sons;Crownhardt;Crossing;11;Vukovar;15248;15
Vinnie;Muzzlewhite;vmuzzlewhite22@typepad.com;Goyette-Rath;Everett;Street;4;Lulindi;68407;4,5
Evelyn;Wilkenson;ewilkenson23@virginia.edu;Kerluke Inc;Trailsway;Court;14;Manaloal;21056;2,4,5
Bambie;Rosencwaig;brosencwaig24@seattletimes.com;Goodwin Group;Golf Course;Court;23;Américo Brasiliense;42664;2,4
Thornie;Rouby;trouby25@sohu.com;Flatley Group;Corscot;Trail;12;Bébédja;90870;8,9
Tawsha;Wolseley;twolseley26@smugmug.com;Prohaska-Schmidt;Cambridge;Street;22;Banī Khallād;60083;11
Siegfried;Bartoszek;sbartoszek27@nasa.gov;Lind, Kautzer and Borer;Debra;Way;1;Nong Bun Nak;36280;10
Amos;Lafflina;alafflina28@ftc.gov;Corkery-Romaguera;Cherokee;Trail;3;Metz;93545;12
Godfree;Tiesman;gtiesman29@weibo.com;Homenick Inc;Barnett;Road;11;Hupalivka;56152;8,9
Mimi;Gurley;mgurley2a@stanford.edu;Rosenbaum-Langosh;Northwestern;Park;6;Monterrey;67044;1,6,12
Forster;Anear;fanear2b@theglobeandmail.com;Howell, Kemmer and Grady;Esker;Park;21;Ulanov;69995;11
Norrie;Craigmile;ncraigmile2c@dagondesign.com;Casper, Dickinson and Haley;Heath;Crossing;24;Kraków;97509;9
Ivan;Oller;ioller2d@wikia.com;Carroll, Crooks and Mitchell;Carpenter;Avenue;29;Kertabumi;74729;13,14,15
Oates;Culleford;oculleford2e@theguardian.com;Connelly-Ritchie;Del Mar;Circle;7;Buenaventura;35066;2,3,4,5,7
Morie;Kermode;mkermode2f@amazon.co.jp;Reynolds, Wilderman and Mueller;Holmberg;Road;27;Avlónas;51604;6,7
Jacquette;Sutherby;jsutherby2g@macromedia.com;Dooley-Bruen;Marcy;Circle;29;Dadianzi;21962;8,9,10,11
Cassius;Seacroft;cseacroft2h@360.cn;Funk Group;Menomonie;Avenue;16;Sendangkemulian;19032;10,11
Sean;Yegorkin;syegorkin2i@ehow.com;Willms-Blanda;Dawn;Park;11;Shoushan;34473;3,4,5,6,7
Darice;Priddy;dpriddy2j@dedecms.com;Kerluke, Crooks and Rice;Judy;Pass;25;Springbok;38183;1,12,13,14,15
Maritsa;Gartsyde;mgartsyde2k@about.me;Littel, Walter and Swaniawski;Rowland;Avenue;3;Lazaro Cardenas;70828;1,6
Emeline;Jersh;ejersh2l@sfgate.com;Bosco-Denesik;Bobwhite;Terrace;29;Kobleve;61386;14,15
Theressa;Basini-Gazzi;tbasinigazzi2m@altervista.org;Pfeffer, Carter and Altenwerth;Evergreen;Lane;7;Boca Raton;22979;15
Rhetta;Hellcat;rhellcat2n@netscape.com;Feil-Kunde;Susan;Trail;26;Lentisqueira;57191;4,5
Caresse;Napper;cnapper2o@earthlink.net;Cummerata-Stracke;Declaration;Way;29;Etten-Leur;97432;2,4,5
Madonna;Slixby;mslixby2p@tuttocitta.it;Terry, Brakus and Treutel;Armistice;Parkway;26;Hovorany;11589;2,4
Andriana;Thorpe;athorpe2q@edublogs.org;Stroman, Gottlieb and Stoltenberg;Mifflin;Hill;6;Honghua’erji;79910;8,9
Brockie;Maruska;bmaruska2r@ucla.edu;Adams, West and Cartwright;Sutherland;Drive;3;Penco;65706;11
Richy;De Ambrosis;rdeambrosis2s@dot.gov;Reichel and Sons;Erie;Junction;25;Carcar;66568;10
Tracie;Camplin;tcamplin2t@nytimes.com;Bailey and Sons;Gale;Drive;15;Río Guayabal de Yateras;38102;12
Richmound;Costanza;rcostanza2u@vistaprint.com;McCullough, Murazik and Erdman;Troy;Circle;27;Cirumput;48469;8,9
Stan;Stirman;sstirman2v@ft.com;Sipes-Toy;Bobwhite;Trail;26;Paris 14;40266;1,6,12
Mikel;Pemble;mpemble2w@salon.com;Collier-Volkman;Waxwing;Terrace;4;Yuyangguan;38780;11
Silvio;Hollingdale;shollingdale2x@mail.ru;Quitzon-Carroll;Shelley;Junction;15;Patsi;20467;9
Chico;Remirez;cremirez2y@amazon.de;Stanton, Lynch and Rau;Clove;Court;23;Kraslice;44324;13,14,15
Fanchon;Collingham;fcollingham2z@addthis.com;Feeney, Koss and Lebsack;Evergreen;Avenue;15;Yangiobod;23562;2,3,4,5,7
Ketty;Wilson;kwilson30@rakuten.co.jp;Kuphal, Gaylord and Berge;Monterey;Point;12;Desē;27733;6,7
Arnold;Lathe;alathe31@pcworld.com;Simonis and Sons;Northview;Center;1;Bhairab Bāzār;79362;8,9,10,11
Goran;Bottomer;gbottomer32@who.int;Bednar LLC;Sachs;Avenue;23;Le Mans;58477;10,11
Petr;Stubbings;pstubbings33@tripod.com;Turcotte LLC;Fairfield;Pass;5;Nice;37666;3,4,5,6,7
Fleur;Samper;fsamper34@facebook.com;Kohler-Ullrich;Oxford;Trail;3;Ash Shaddādah;88422;1,12,13,14,15
Guinna;Brosnan;gbrosnan35@huffingtonpost.com;Olson and Sons;Gina;Way;27;Novobeysugskaya;57641;1,6
Alfi;Ackerman;aackerman36@livejournal.com;King Group;Macpherson;Park;20;San Juan de Manapiare;29760;14,15
Chico;Castane;ccastane37@artisteer.com;Lockman, Cole and Douglas;Johnson;Parkway;5;Zangzhai;21250;15
Leanor;Bennoe;lbennoe38@bloglines.com;Breitenberg, Marvin and Wilderman;Morning;Court;14;Kinna;33226;4,5
Blanche;Cluett;bcluett39@independent.co.uk;Zemlak-Huel;Di Loreto;Drive;18;Dunkerque;56405;2,4,5
Gerrilee;Crocker;gcrocker3a@java.com;Kirlin, Fadel and Medhurst;Morrow;Parkway;23;Lobuk;25449;2,4
Loydie;Tydd;ltydd3b@ehow.com;Wilderman, Medhurst and Gerlach;Lunder;Drive;14;Beskolen;48177;8,9
Sandy;Neville;sneville3c@about.me;Goodwin Inc;Gulseth;Way;2;Lop Buri;70585;11
Claire;Nicholl;cnicholl3d@123-reg.co.uk;Schiller Group;Grasskamp;Drive;5;Huaitu;40367;10
Ibbie;McKendry;imckendry3e@blog.com;Torp, Armstrong and Stehr;Northridge;Drive;27;San Agustin;50680;12
Moyra;Ogle;mogle3f@irs.gov;Hayes and Sons;Manitowish;Junction;16;Sao Hai;98430;8,9
Osgood;Swiers;oswiers3g@salon.com;Schroeder, Wilkinson and Kulas;Eastwood;Court;27;El Carmen;31364;1,6,12
Rand;Escalera;rescalera3h@lycos.com;McClure-Wisozk;Express;Parkway;24;Binitinan;83956;11
Brade;Quinby;bquinby3i@house.gov;Harris and Sons;Fallview;Street;14;Ucluelet;60807;9
Hartwell;Ritchings;hritchings3j@google.it;Runolfsdottir-Kemmer;Maple Wood;Circle;6;Ciudad Bolívar;92575;13,14,15
Wade;Jefford;wjefford3k@bandcamp.com;Hoeger, O'Kon and Blanda;Hermina;Avenue;16;Strelka;15533;2,3,4,5,7
Cletus;Turfes;cturfes3l@hc360.com;Bergstrom-Tremblay;Mccormick;Lane;11;Talagasari;68557;6,7
Dan;Andrez;dandrez3m@disqus.com;Rolfson-Ward;Westerfield;Crossing;1;Farshūţ;69444;8,9,10,11
Aldridge;Godspeede;agodspeede3n@ask.com;Hayes Inc;Old Shore;Park;8;Leitões;75589;10,11
Lela;Perfitt;lperfitt3o@guardian.co.uk;Abernathy-Ward;Hayes;Center;2;Utarapasar;48810;3,4,5,6,7
Stephine;Ivanchov;sivanchov3p@archive.org;Langosh LLC;Holmberg;Alley;27;Changyanbao;93672;1,12,13,14,15
Rebekah;Vertey;rvertey3q@state.gov;Champlin, Casper and Fadel;Spaight;Crossing;6;Kalamangog;47892;1,6
Juliane;Bergeau;jbergeau3r@google.pl;Haley LLC;Kennedy;Lane;17;Troparëvo;40042;14,15
Annice;Whisson;awhisson3s@simplemachines.org;Spencer, Pollich and Hauck;Clyde Gallagher;Circle;7;Banjar Sedang;97926;15
Myles;Kibbye;mkibbye3t@theatlantic.com;Hyatt-Runolfsson;Loeprich;Pass;29;Kiukainen;38570;4,5
Renee;Logsdail;rlogsdail3u@amazon.de;Wunsch Group;Eastwood;Trail;24;Chaguaní;32144;2,4,5
Rafael;Preddy;rpreddy3v@blogs.com;Ondricka-Reichert;Burrows;Point;24;Wudan;83867;2,4
Cornall;Boothby;cboothby3w@nytimes.com;Barrows-Larkin;Lakeland;Alley;11;Andapa;32786;8,9
Siusan;Dowyer;sdowyer3x@ycombinator.com;Hahn, Schultz and Ortiz;Clarendon;Lane;20;João Pinheiro;97871;11
Brod;Cossington;bcossington3y@upenn.edu;Gerlach-Dare;Becker;Road;10;Idanha-a-Nova;60927;10
Cosetta;Colqueran;ccolqueran3z@example.com;Lynch LLC;Forest Run;Street;9;Wąbrzeźno;30983;12
Batholomew;Moulin;bmoulin40@businessweek.com;Blick, Ernser and Wolff;Eagle Crest;Terrace;13;São João;79171;8,9
Sashenka;Whisker;swhisker41@reverbnation.com;Grady and Sons;Haas;Avenue;29;Dolní Bojanovice;19081;1,6,12
Lana;Seid;lseid42@a8.net;Reichert-Schneider;Beilfuss;Park;17;Pangradin Satu;80758;11
Willi;Woolager;wwoolager43@sphinn.com;Kihn-Pfeffer;Bluestem;Court;28;Kosów Lacki;38572;9
Mariana;Cobbledick;mcobbledick44@nbcnews.com;Harris and Sons;Corben;Junction;10;Chengxiang;40050;13,14,15
Theodosia;Wingeat;twingeat45@google.com;Weissnat Inc;Maple Wood;Hill;5;Yangsa;94468;2,3,4,5,7
Lyn;Connolly;lconnolly46@taobao.com;Hickle-McKenzie;Crescent Oaks;Hill;2;Loma Bonita;96939;6,7
Oswell;Scholey;oscholey47@taobao.com;Stanton-Kshlerin;Rockefeller;Junction;26;San Bernardino;80939;8,9,10,11
Phedra;Jobb;pjobb48@amazon.de;Von-Hilll;Lunder;Point;17;Niebocko;61089;10,11
Stacey;Tomlins;stomlins49@bing.com;Lesch and Sons;Old Gate;Point;18;Wola Rębkowska;74930;3,4,5,6,7
Octavius;Doby;odoby4a@odnoklassniki.ru;Kertzmann-White;Johnson;Street;18;Jaunpiebalga;42107;1,12,13,14,15
Maris;Defond;mdefond4b@statcounter.com;Yundt-Leannon;Nevada;Point;20;Kamieniec Wrocławski;66400;1,6
Adolpho;Inch;ainch4c@hostgator.com;Bergnaum-Ullrich;Michigan;Alley;18;Rifeng;58889;14,15
Walther;Lemoir;wlemoir4d@blogspot.com;Durgan Inc;Dahle;Parkway;13;Chuhuyiv;44451;15
Lucien;Pauletto;lpauletto4e@ovh.net;Buckridge, Mohr and Kertzmann;Corscot;Way;16;Hejia;52268;4,5
Mureil;Tuson;mtuson4f@hc360.com;Gutmann and Sons;Scoville;Terrace;9;Doljo;65751;2,4,5
Killy;Harlow;kharlow4g@harvard.edu;Bode Inc;Ridgeview;Place;23;Hrochův Týnec;55785;2,4
Bucky;Grenkov;bgrenkov4h@mozilla.com;Rath-Nitzsche;Canary;Hill;13;Johnson City;41151;8,9
Maurise;Gilvary;mgilvary4i@soundcloud.com;D'Amore, Daugherty and Gerhold;Gina;Place;15;Weicheng;53763;11
Yetty;Hewson;yhewson4j@ocn.ne.jp;O'Connell-Schoen;Del Mar;Trail;29;Bangekdewa;42926;10
Hanson;Maskill;hmaskill4k@aol.com;Murazik and Sons;Bashford;Parkway;22;Longvic;98608;12
Torry;Zemler;tzemler4l@techcrunch.com;Dicki, Kautzer and Boehm;East;Plaza;29;Custóias;23879;8,9
Reese;Croci;rcroci4m@time.com;Wehner, Hane and Nolan;Mariners Cove;Hill;17;Austin;75229;1,6,12
Desmond;Szymonwicz;dszymonwicz4n@state.tx.us;Keeling-Goyette;Randy;Place;8;Ystad;60791;11
Janetta;Holywell;jholywell4o@ifeng.com;Kertzmann Inc;Eagan;Point;22;Diavatós;10921;9
Phillie;Crisell;pcrisell4p@zdnet.com;Kunde, Spinka and Blick;Shasta;Way;15;Evansville;62845;13,14,15
Harriett;Bolitho;hbolitho4q@mapy.cz;Kreiger-Gibson;Havey;Plaza;8;Cuchumbaya;37369;2,3,4,5,7
Levin;Ricold;lricold4r@ftc.gov;Collins, Green and Okuneva;Bobwhite;Way;21;Itapecerica da Serra;97838;6,7
Gaby;Saterthwait;gsaterthwait4s@dailymail.co.uk;Gutkowski, Stamm and Terry;Meadow Valley;Hill;21;Brea Pozo;16783;8,9,10,11
Annmarie;Foresight;aforesight4t@qq.com;Pacocha LLC;Laurel;Hill;16;Parakanhonje Wetan;94587;10,11
Eleni;Lockier;elockier4u@live.com;Metz LLC;Kim;Court;24;Petare;14099;3,4,5,6,7
Jany;Davidove;jdavidove4v@uiuc.edu;Feil-Ullrich;Forest;Trail;5;Pedro Leopoldo;73781;1,12,13,14,15
Odelle;Colleck;ocolleck4w@earthlink.net;Kerluke-Hilpert;Pepper Wood;Circle;13;Pirojpur;81733;1,6
Candice;Zavattari;czavattari4x@g.co;Streich, Haag and Krajcik;Esch;Plaza;7;Río Hondo;54538;14,15
Eulalie;Eyre;eeyre4y@slashdot.org;Jenkins, Senger and Weissnat;Monterey;Plaza;3;Baltiysk;63616;15
Ruperto;Sykes;rsykes4z@feedburner.com;Treutel Inc;Delaware;Hill;11;New Agutaya;39438;4,5
Saudra;Chevis;schevis50@mapquest.com;Walker-Schiller;Sunnyside;Alley;27;Fougamou;82004;2,4,5
Chantal;Deaville;cdeaville51@deliciousdays.com;Wisozk-Corwin;Tomscot;Park;7;Sŭngho 1-tong;60408;2,4
Esmaria;Fawke;efawke52@fastcompany.com;Kertzmann-Denesik;Blue Bill Park;Hill;26;Sishui;39509;8,9
Caitlin;Le feaver;clefeaver53@smh.com.au;Kilback, Keebler and Hirthe;Pearson;Lane;8;Daidaon;25110;11
Therine;Neenan;tneenan54@odnoklassniki.ru;Hahn LLC;Monica;Crossing;9;Kapotnya;18382;10
Kilian;Ritmeier;kritmeier55@icio.us;Kassulke, Padberg and Langosh;Tennessee;Road;1;Fuyang;63266;12
Roman;Crisp;rcrisp56@theglobeandmail.com;Schowalter and Sons;Reindahl;Trail;25;Palestina;84711;8,9
Aloysia;Viant;aviant57@multiply.com;Bogan, Oberbrunner and Harris;Kim;Street;4;Lonya Chico;19729;1,6,12
Lotta;Uzzell;luzzell58@cbsnews.com;Bradtke, Parisian and Conn;Anniversary;Junction;13;Pallasovka;21076;11
Jessika;Kennelly;jkennelly59@wikipedia.org;Fahey, Nienow and Herzog;Lukken;Pass;7;Kebonagung;13755;9
Ogdan;Emson;oemson5a@ameblo.jp;Mitchell, Lockman and Zulauf;Oneill;Street;6;Jinquan;47324;13,14,15
Flin;Duffyn;fduffyn5b@virginia.edu;Cummerata and Sons;Annamark;Crossing;29;Santa Teresa;84613;2,3,4,5,7
Toni;Bour;tbour5c@psu.edu;Wunsch-Crona;Bay;Terrace;21;Cabeçudos;72009;6,7
Merrill;Cancutt;mcancutt5d@whitehouse.gov;Koelpin Inc;Gerald;Parkway;10;Hetian;54632;8,9,10,11
Francklin;Sapsford;fsapsford5e@mit.edu;Pfannerstill-Haag;Gale;Place;25;Dimitrovgrad;81124;10,11
Katheryn;Lorroway;klorroway5f@goo.ne.jp;Zieme-Kemmer;Onsgard;Court;25;Mirandopólis;32674;3,4,5,6,7
Corny;Harbage;charbage5g@auda.org.au;Denesik Group;Sommers;Plaza;10;Uozu;21959;1,12,13,14,15
Kiah;Mc Carroll;kmccarroll5h@ebay.co.uk;Baumbach LLC;La Follette;Alley;18;Port-à-Piment;51375;1,6
Jacquenette;Newbery;jnewbery5i@tinyurl.com;Grimes Inc;Spenser;Alley;11;Houping;82510;14,15
Philbert;Ancliffe;pancliffe5j@wunderground.com;Nicolas, Jaskolski and Schowalter;New Castle;Lane;24;Cililitan;78194;15
Ansell;Jimes;ajimes5k@clickbank.net;Schmitt, Bernier and Sawayn;Duke;Crossing;26;Liulin;55763;4,5
Chaddie;Simonian;csimonian5l@bloglines.com;Swift, Monahan and VonRueden;Gerald;Trail;24;Kukur;26886;2,4,5
Darelle;Hastler;dhastler5m@gravatar.com;Gutmann Group;Monica;Circle;12;Canaman;56397;2,4
Hollyanne;Soppett;hsoppett5n@homestead.com;Breitenberg Group;Burning Wood;Hill;15;Batujaran;93705;8,9
Dulcine;Spurett;dspurett5o@army.mil;Volkman-Wyman;Dottie;Avenue;11;Saint-Quentin-en-Yvelines;17271;11
Aviva;Restorick;arestorick5p@prlog.org;Parisian-Hartmann;Reinke;Alley;1;Kolobolon;25457;10
Miranda;Apfel;mapfel5q@ezinearticles.com;King, Casper and Koelpin;Alpine;Lane;17;Zelenodolsk;57081;12
Carla;Bennedsen;cbennedsen5r@wordpress.com;Reynolds-Ferry;Elka;Avenue;10;Vrbas;96388;8,9
Sallyann;Rieme;srieme5s@businessweek.com;Macejkovic-Funk;Kipling;Trail;24;Kudang;47757;1,6,12
Charmion;Danell;cdanell5t@oakley.com;Roberts-Schulist;Arapahoe;Pass;4;Nyandoma;46132;11
Grethel;Clendennen;gclendennen5u@theglobeandmail.com;Rowe-Feil;Doe Crossing;Drive;9;Mari;37168;9
Aurelie;Marielle;amarielle5v@jalbum.net;Schmitt Inc;Tomscot;Point;2;Loja;77340;13,14,15
Nataline;Sibyllina;nsibyllina5w@ftc.gov;Prosacco-Langworth;Lighthouse Bay;Street;12;Szydłowo;72861;2,3,4,5,7
Pernell;Van Oort;pvanoort5x@mozilla.org;Davis, Yundt and Lemke;Linden;Point;22;Kol’chugino;19813;6,7
Linoel;Gremain;lgremain5y@issuu.com;Jacobs and Sons;Dennis;Park;26;Lijiazui;44389;8,9,10,11
Mead;Pagin;mpagin5z@sfgate.com;Kertzmann Group;Weeping Birch;Court;5;Néa Filadélfeia;99341;10,11
Lenka;Paffitt;lpaffitt60@google.it;Olson-Schamberger;Rockefeller;Point;9;Itu;97929;3,4,5,6,7
Archibaldo;Neate;aneate61@shareasale.com;Mitchell LLC;Rusk;Avenue;5;Portobelo;74654;1,12,13,14,15
Marybeth;Earney;mearney62@vkontakte.ru;Dicki-Greenholt;Acker;Court;16;Jiangkou;50547;1,6
Clementius;Gooms;cgooms63@sphinn.com;Buckridge, Ankunding and Leuschke;Continental;Junction;29;Blimbing;92596;14,15
Iain;Davidesco;idavidesco64@cbslocal.com;Lemke, Reilly and Bernhard;American Ash;Pass;5;Lingyuan;13220;15
Malvina;Scholtis;mscholtis65@yolasite.com;Bergnaum Inc;Dunning;Place;22;Magbay;59166;4,5
Everard;Cluckie;ecluckie66@soundcloud.com;Thompson-Lindgren;Eastlawn;Court;4;Sukarame;92499;2,4,5
Orlando;Shephard;oshephard67@elpais.com;VonRueden, Mitchell and Cole;Hudson;Road;13;Capelinha;95221;2,4
Nolan;Feldbau;nfeldbau68@netlog.com;Sawayn-Weimann;Morningstar;Court;3;Puncakwangi;76341;8,9
Nikos;Yellowlee;nyellowlee69@webs.com;Ankunding Group;Golden Leaf;Drive;12;Saidpur;35317;11
Dina;Gianettini;dgianettini6a@qq.com;Dicki-Shanahan;Lukken;Parkway;24;Cartagena;81507;10
Sapphire;MacAfee;smacafee6b@mail.ru;Nienow and Sons;Service;Hill;23;Carrières-sur-Seine;42863;12
Tobey;Rabbitts;trabbitts6c@1688.com;Pouros-Cassin;Muir;Road;7;Gongli;38124;8,9
Darby;Douce;ddouce6d@ebay.co.uk;Stanton, Heathcote and Stroman;Birchwood;Center;22;Numazu;44845;1,6,12
Karry;Malin;kmalin6e@mapquest.com;Langworth-Romaguera;Eggendart;Street;24;Naushki;57794;11
Denyse;Patron;dpatron6f@sakura.ne.jp;Kerluke-Thiel;Pierstorff;Way;29;Maying;33840;9
Petrina;Youll;pyoull6g@nasa.gov;O'Reilly, Koch and Kiehn;Delladonna;Avenue;10;Lyubinskiy;98524;13,14,15
Jessa;Baribal;jbaribal6h@hibu.com;Parker LLC;Reindahl;Road;23;Kungälv;91743;2,3,4,5,7
Rosemary;Spraging;rspraging6i@biglobe.ne.jp;Pfannerstill Inc;Artisan;Circle;29;Santa Magdalena;34467;6,7
Patrizius;Cussins;pcussins6j@buzzfeed.com;Daugherty Group;Fordem;Parkway;26;Caringin;83231;8,9,10,11
Lark;Currum;lcurrum6k@odnoklassniki.ru;Gutmann Group;6th;Street;14;Jishan;31842;10,11
Averill;Wycliffe;awycliffe6l@scribd.com;Wisozk Group;Parkside;Point;9;Ziguinchor;76843;3,4,5,6,7
Luca;Tremblay;ltremblay6m@imdb.com;Johns-Herzog;Dunning;Place;10;Ciilat;66539;1,12,13,14,15
Shawnee;Hoyland;shoyland6n@miibeian.gov.cn;Kassulke Group;Anthes;Road;3;Tarimbang;47302;1,6
Phelia;Sokell;psokell6o@wordpress.com;Rowe-Wiegand;Nelson;Parkway;27;Parigi;53947;14,15
Corella;Blythin;cblythin6p@ted.com;Schmidt, Wolff and Rutherford;Welch;Alley;1;Zhishan;92400;15
Bebe;Ferier;bferier6q@tripod.com;Franecki-Witting;Fieldstone;Parkway;5;Wādī al ‘Uyūn;55077;4,5
Leonidas;Hastilow;lhastilow6r@washington.edu;Shanahan-Dicki;Laurel;Circle;17;Kolbudy;64727;2,4,5
Sonja;Giblin;sgiblin6s@lycos.com;Waelchi, Kreiger and Kuvalis;Arizona;Court;22;Gulong;45190;2,4
Perle;Jolin;pjolin6t@github.io;Windler LLC;Buhler;Plaza;1;Nurlat;12393;8,9
Bobby;Kivlehan;bkivlehan6u@list-manage.com;Zemlak, Swaniawski and Bode;Brickson Park;Terrace;5;Tulaghi;54630;11
Gaultiero;Spellacey;gspellacey6v@desdev.cn;Lakin, Ward and Prosacco;Northridge;Drive;2;Ciudad del Este;71550;10
Maude;Trythall;mtrythall6w@freewebs.com;Nicolas-Stanton;Cottonwood;Pass;1;Xinxu;29100;12
Ferdie;Earie;fearie6x@ucoz.ru;Morissette Inc;Valley Edge;Way;18;Радовиш;82742;8,9
Kelsi;Atrill;katrill6y@comcast.net;Huel and Sons;Merchant;Street;15;Gesik;11384;1,6,12
Jermayne;Najera;jnajera6z@hud.gov;Kunze, Goldner and Stracke;Thackeray;Crossing;27;Denglong;44836;11
Lillian;Erricker;lerricker70@surveymonkey.com;Hintz and Sons;Tennyson;Parkway;6;Kaliuda;60422;9
Jamaal;Corley;jcorley71@wired.com;Bergnaum, Marquardt and Leffler;Green;Crossing;5;Asbestos;30469;13,14,15
Eunice;Mellanby;emellanby72@uol.com.br;Waters-Kassulke;Corben;Terrace;4;Baimiao;22419;2,3,4,5,7
Venus;Zolini;vzolini73@spiegel.de;Stanton-Gorczany;Kropf;Street;17;Al Qārah;28963;6,7
Gypsy;Weall;gweall74@ihg.com;Welch Group;Basil;Court;27;Volgorechensk;60588;8,9,10,11
Theodore;McCowen;tmccowen75@nhs.uk;Daugherty Inc;Sommers;Plaza;10;Teresa;25531;10,11
Jacinda;Inchan;jinchan76@ted.com;Torphy and Sons;Badeau;Crossing;15;Kosti;55259;3,4,5,6,7
Peria;Destouche;pdestouche77@fotki.com;Labadie-Shields;Ohio;Center;25;Netanya;47591;1,12,13,14,15
Kat;Matfield;kmatfield78@i2i.jp;Mertz-Weimann;Rutledge;Plaza;5;Puerto Tejada;66394;1,6
Zorina;McCloy;zmccloy79@fotki.com;Mayer-McDermott;Stuart;Hill;3;Guadalupe;56211;14,15
Auberta;Schutter;aschutter7a@craigslist.org;Orn Inc;Onsgard;Hill;23;Barbacena;18689;15
Cynthia;Nisby;cnisby7b@typepad.com;Leffler and Sons;Clarendon;Terrace;28;Cortezia;78740;4,5
Matthieu;Atwood;matwood7c@icio.us;Blick-Breitenberg;Lukken;Place;18;Stará Ves nad Ondřejnicí;74068;2,4,5
Miner;McTiernan;mmctiernan7d@blog.com;Veum, Smitham and Nitzsche;Buena Vista;Place;1;Imbang;81224;2,4
Lezlie;Braniff;lbraniff7e@chronoengine.com;Brown-Shields;Bowman;Terrace;16;Anáfi;66111;8,9
Luella;Clarage;lclarage7f@huffingtonpost.com;Bosco and Sons;Melvin;Point;5;Frolovo;53856;11
Graham;Stairmand;gstairmand7g@mediafire.com;Lockman-Howe;Clemons;Crossing;28;Siqu;58869;10
Glenn;Lorant;glorant7h@oaic.gov.au;Reinger, Ritchie and Cormier;Center;Drive;26;Karangsari;63179;12
Caitlin;McDugal;cmcdugal7i@cornell.edu;Crist-Emmerich;Crownhardt;Plaza;28;Gunungsubang;45110;8,9
Hadley;Fuentez;hfuentez7j@yahoo.com;Halvorson-Shanahan;Carey;Center;12;Moravče;99279;1,6,12
Rayna;Boakes;rboakes7k@yellowbook.com;Gibson-Purdy;Texas;Court;8;Sá;60103;11
Matthiew;Hannaby;mhannaby7l@dmoz.org;Klocko and Sons;Hoffman;Junction;14;Wanliang;55739;9
Gerrie;Hardwidge;ghardwidge7m@craigslist.org;Huel, Von and Weissnat;Golf View;Park;25;Izumi;32964;13,14,15
Torr;Imlen;timlen7n@huffingtonpost.com;Schuster, Schaden and Lindgren;Dorton;Pass;1;Vetluzhskiy;35956;2,3,4,5,7
Kora;Korba;kkorba7o@biblegateway.com;McCullough-Graham;Victoria;Center;18;Bolobo;63719;6,7
Katheryn;Dobkin;kdobkin7p@github.com;Pollich-Wolf;Novick;Hill;5;Yandun;74677;8,9,10,11
Hatti;Rasch;hrasch7q@yellowpages.com;Osinski, Dibbert and VonRueden;Summer Ridge;Terrace;23;Easington;12064;10,11
Vitia;Pawnsford;vpawnsford7r@hugedomains.com;Davis-Wiza;Elmside;Point;4;Lugovoy;91355;3,4,5,6,7
Percy;Romeo;promeo7s@cafepress.com;Pagac, Fahey and Hagenes;Atwood;Drive;15;Shuanghekou;56719;1,12,13,14,15
Moselle;Gawne;mgawne7t@sohu.com;Rice, Smith and Turner;Clarendon;Plaza;11;Ishiki;49387;1,6
Hamel;Mc Queen;hmcqueen7u@google.de;Cruickshank and Sons;Buhler;Point;18;Sumberagung;31912;14,15
Westleigh;Maier;wmaier7v@mapy.cz;Aufderhar, Ritchie and Feeney;Pawling;Point;17;Manna;63993;15
Shae;Cortes;scortes7w@upenn.edu;Marvin, Emmerich and Schuster;Butterfield;Road;3;Eastern Suburbs Mc;17499;4,5
Benyamin;Gauden;bgauden7x@vkontakte.ru;Lakin-Heidenreich;Parkside;Crossing;12;Corcuera;67871;2,4,5
Jen;Waberer;jwaberer7y@ustream.tv;Schultz Group;Meadow Vale;Point;5;Ariguaní;62383;2,4
Lindsey;Snoxell;lsnoxell7z@theatlantic.com;Gusikowski-Renner;Bunting;Plaza;16;Aryiropoúlion;25476;8,9
Gifford;Warton;gwarton80@cpanel.net;Hills, Larson and Batz;Pennsylvania;Terrace;1;Esperanza;30767;11
Dolli;Hurch;dhurch81@de.vu;Kovacek, Smitham and Ebert;Memorial;Alley;29;Debrecen;71818;10
Jaquelyn;Websdale;jwebsdale82@dropbox.com;Lindgren, Tillman and Schiller;Sullivan;Park;22;Khombole;35434;12
Siffre;Drejer;sdrejer83@gov.uk;Skiles and Sons;Kinsman;Park;29;Colonias Unidas;30590;8,9
Jean;Gunthorpe;jgunthorpe84@vimeo.com;Bechtelar Group;Killdeer;Plaza;28;Martakert;61847;1,6,12
Maynord;Willeson;mwilleson85@narod.ru;Kemmer-Russel;Crownhardt;Road;11;Linköping;29996;11
Andee;Schwandt;aschwandt86@nyu.edu;Funk LLC;Atwood;Crossing;8;Ushuaia;20829;9
Abey;Moehle;amoehle87@dyndns.org;Hills Group;Sutteridge;Lane;27;Tekes;49994;13,14,15
Oliy;Lochead;olochead88@economist.com;Sanford and Sons;Holmberg;Center;20;Hanfeng;89647;2,3,4,5,7
Sven;Gayter;sgayter89@lycos.com;Goodwin and Sons;Magdeline;Crossing;9;Victoria;19473;6,7
Zelda;Perutto;zperutto8a@ihg.com;Casper-Kirlin;Northridge;Park;21;Yongxing;75566;8,9,10,11
Monroe;Yakebowitch;myakebowitch8b@fda.gov;Gorczany and Sons;Loeprich;Place;4;Peredovaya;59782;10,11
Mercedes;Mussolini;mmussolini8c@booking.com;Feest LLC;Rutledge;Court;27;Salamrejo;62131;3,4,5,6,7
Thorvald;Beagen;tbeagen8d@ifeng.com;Rempel Inc;Texas;Way;18;Laï;72029;1,12,13,14,15
Teddi;Minger;tminger8e@cbc.ca;Quigley-Beatty;Elka;Pass;22;Palca;46796;1,6
Miner;Dreghorn;mdreghorn8f@blogger.com;Mueller, Schamberger and Wolff;Stoughton;Street;5;Wielka Nieszawka;87320;14,15
Geoffrey;Ambrozik;gambrozik8g@webeden.co.uk;Torp-Schmeler;Morningstar;Court;1;Krujë;44997;15
Jens;Blazhevich;jblazhevich8h@dropbox.com;Auer and Sons;Dakota;Point;8;Molochnoye;29471;4,5
Sam;Rivelon;srivelon8i@youtube.com;Reichel Inc;Stephen;Avenue;25;Patenongan;27558;2,4,5
Carissa;Bonifacio;cbonifacio8j@4shared.com;Gutmann-Langosh;Grasskamp;Alley;26;Batanamang;16922;2,4
Blair;Fantin;bfantin8k@github.io;Altenwerth, Smitham and Bruen;Linden;Alley;12;Hajeom;76546;8,9
Ursola;Bennedick;ubennedick8l@paginegialle.it;Beatty-Cruickshank;Talmadge;Parkway;6;Donim;14921;11
Dalila;Cisneros;dcisneros8m@aboutads.info;White-Willms;Upham;Court;16;Ulimonong;42161;10
Mitchael;Peris;mperis8n@oaic.gov.au;Predovic LLC;Wayridge;Hill;16;Kangar;40950;12
Garv;Lepick;glepick8o@adobe.com;Wilderman, Keeling and Wiegand;Gulseth;Terrace;15;Cortezia;39262;8,9
Jesus;Giblin;jgiblin8p@tripod.com;Carroll, Gerhold and Hackett;Hauk;Place;15;Noyon;74704;1,6,12
Crissie;Naton;cnaton8q@nifty.com;Luettgen-Ferry;Blaine;Circle;23;Huoche Xizhan;29621;11
Rogerio;Chislett;rchislett8r@fotki.com;Boyle, Swaniawski and Stokes;Elmside;Center;14;Kete Krachi;79550;9
Art;Wych;awych8s@blinklist.com;O'Connell, Smitham and Goodwin;Fair Oaks;Lane;2;Khong Chai;84469;13,14,15
Torrence;Safell;tsafell8t@simplemachines.org;O'Hara, Gibson and Mohr;Loftsgordon;Terrace;11;Zhengguo;92594;2,3,4,5,7
Spike;Hemshall;shemshall8u@ihg.com;Hoeger-Smitham;Glacier Hill;Drive;29;Priekule;31834;6,7
Kiel;MacGibbon;kmacgibbon8v@wunderground.com;Armstrong, Kovacek and Schumm;Laurel;Crossing;21;Gazojak;28482;8,9,10,11
Aurie;Letson;aletson8w@gov.uk;Thompson, Satterfield and Raynor;Dawn;Trail;8;Marmashen;65279;10,11
Agneta;Crus;acrus8x@webmd.com;Wehner-Lang;Harper;Street;4;Diavatós;60408;3,4,5,6,7
Grissel;Kubik;gkubik8y@dagondesign.com;Mills and Sons;Porter;Park;16;Jiguan;33606;1,12,13,14,15
Stephen;Scutcheon;sscutcheon8z@mozilla.org;Wyman Inc;Division;Avenue;17;Onoda;98595;1,6
Chilton;Millwall;cmillwall90@a8.net;Kerluke, Huels and Abernathy;Golden Leaf;Court;15;Shangzhang;15971;14,15
Emlynn;Hamal;ehamal91@xrea.com;Thompson-Borer;Sutteridge;Crossing;25;Leuwidamar;54679;15
Avictor;Lesser;alesser92@springer.com;Mayer, Boyer and Pouros;Green;Drive;4;Sanom;33462;4,5
Liza;Hawick;lhawick93@un.org;Roberts-Johns;Jackson;Lane;15;Puerto Mayor Otaño;27032;2,4,5
Gil;Plett;gplett94@slideshare.net;Wiegand Group;Surrey;Point;29;Xinxu;31242;2,4
Concordia;Sellor;csellor95@ebay.com;Kling, Walker and Fisher;Sachs;Avenue;1;Samut Songkhram;96433;8,9
Enrico;Duckerin;educkerin96@sbwire.com;Skiles and Sons;Mcguire;Trail;28;Ciburial;49722;11
Sybyl;Hodgin;shodgin97@constantcontact.com;Christiansen and Sons;Myrtle;Trail;25;Jiebu;31685;10
Sig;Brislen;sbrislen98@craigslist.org;Hansen, Walter and Stracke;Dakota;Alley;16;Bendosewu;50531;12
Eolande;Christofe;echristofe99@last.fm;Dietrich LLC;Pierstorff;Point;9;San Esteban;66161;8,9
Elisabeth;Cordle;ecordle9a@slideshare.net;Cruickshank Group;Schurz;Place;19;Ibshawāy;48088;1,6,12
Jaime;Pinnijar;jpinnijar9b@elegantthemes.com;Sipes-Crona;Ridgeway;Court;20;Chajarí;90420;11
Stefa;Synder;ssynder9c@adobe.com;Ullrich Inc;Macpherson;Court;26;Solna;91354;9
Dulciana;Schober;dschober9d@narod.ru;Reilly-Gleason;Waubesa;Point;19;Cusco;11092;13,14,15
Levey;Cod;lcod9e@bing.com;Herzog, Bode and Kertzmann;Mallory;Junction;20;Heshan;64496;2,3,4,5,7
Ralf;Corten;rcorten9f@wiley.com;Mertz-Kemmer;Superior;Alley;17;Berëza;75702;6,7
Tulley;Kinchington;tkinchington9g@lycos.com;Krajcik-Wyman;Scoville;Avenue;28;Changtian;63935;8,9,10,11
Clayborne;Ezele;cezele9h@phpbb.com;Lockman-Moen;Riverside;Street;2;Ansan-si;15218;10,11
Blinnie;Folling;bfolling9i@oaic.gov.au;Dare Inc;Sheridan;Alley;6;Wuṯahpūr;51743;3,4,5,6,7
Morris;McKerrow;mmckerrow9j@a8.net;O'Conner, Sawayn and Yundt;Talisman;Way;21;Porto-Novo;24331;1,12,13,14,15
Valerie;Foan;vfoan9k@webmd.com;Bailey-Langworth;Loftsgordon;Park;28;Al Lagowa;55101;1,6
Mariele;Tomczynski;mtomczynski9l@skype.com;Keebler Group;Vidon;Street;28;Sanxi;58001;14,15
Ted;Rojahn;trojahn9m@disqus.com;DuBuque Group;Pierstorff;Pass;13;Murillo;58779;15
Ki;Dreger;kdreger9n@businessweek.com;Mante Inc;Lyons;Circle;9;Riangblolong;27783;4,5
Clarke;Haworth;chaworth9o@amazonaws.com;Murphy LLC;Goodland;Terrace;17;Honghualiangzi;96943;2,4,5
Minna;Royan;mroyan9p@elpais.com;Stamm Group;Larry;Park;29;Tarata;95490;2,4
Eberto;Priddie;epriddie9q@free.fr;Dooley LLC;Straubel;Plaza;26;Siemiechów;74563;8,9
Hill;Beert;hbeert9r@t.co;Will-Olson;Goodland;Point;16;Aserrí;54009;11
Steward;Sutherel;ssutherel9s@dailymail.co.uk;Braun, Ebert and Stehr;Grover;Street;27;Rabat;74394;10
Mace;Morigan;mmorigan9t@devhub.com;Vandervort and Sons;Fisk;Crossing;2;Quiñota;76953;12
Olivia;Reade;oreade9u@tuttocitta.it;Hodkiewicz-Jerde;Westerfield;Place;3;Qiziltepa Shahri;72395;8,9
Fan;Gwyneth;fgwyneth9v@twitpic.com;Prohaska, Marvin and Swaniawski;Prairieview;Plaza;14;Budakovo;94852;1,6,12
Nerti;Rubenovic;nrubenovic9w@angelfire.com;Douglas, Murphy and Reilly;Crowley;Hill;5;Skënderbegas;73886;11
Cal;Lamcken;clamcken9x@ibm.com;Lubowitz-Leuschke;Colorado;Trail;9;Dajianchang;72571;9
Xavier;Durkin;xdurkin9y@ocn.ne.jp;Hamill LLC;Gina;Crossing;17;Argithéa;21028;13,14,15
Dahlia;Kirkup;dkirkup9z@google.com.br;Hartmann, Harber and Champlin;Graedel;Street;25;Olympia;62370;2,3,4,5,7
Reta;Calles;rcallesa0@weibo.com;Baumbach, Wyman and Metz;Morning;Junction;12;Cape Coast;43250;6,7
Grazia;Camacho;gcamachoa1@pinterest.com;Brown-Bayer;Golden Leaf;Court;6;Silae;35456;8,9,10,11
Humberto;Byres;hbyresa2@163.com;Beer LLC;Fuller;Road;19;Godong;89714;10,11
Gabriele;Canaan;gcanaana3@moonfruit.com;Ebert LLC;Loomis;Trail;12;Biscucuy;94743;3,4,5,6,7
Andrea;Hagan;ahagana4@reference.com;Hackett and Sons;Straubel;Street;2;Lasiana;32686;1,12,13,14,15
Meagan;Tidcombe;mtidcombea5@unblog.fr;Schaefer, Tromp and Kuvalis;Hayes;Parkway;19;Podsineye;27187;1,6
Babita;Brosh;bbrosha6@about.com;Gislason-Predovic;Anderson;Junction;19;Ban Lam Luk Ka;95626;14,15
Lavina;Kyffin;lkyffina7@marketwatch.com;Dare-Breitenberg;Crowley;Pass;1;Tomdibuloq;69189;15
Lilllie;Bernardet;lbernardeta8@google.de;Purdy-McCullough;Esch;Court;23;Donglai;84809;4,5
Oralia;Kamenar;okamenara9@quantcast.com;Cummings, Schinner and Keebler;Sugar;Avenue;1;Wasagu;66459;2,4,5
Gretta;Urien;gurienaa@aboutads.info;Denesik-McKenzie;Fremont;Place;23;Arani;60697;2,4
Isidora;Burgen;iburgenab@360.cn;Rowe Inc;Rowland;Avenue;8;Corinto;24897;8,9
Cobbie;Jannex;cjannexac@thetimes.co.uk;Leuschke, Feeney and Beatty;Birchwood;Court;9;Ngrowo;89001;11
Yancey;Bohin;ybohinad@chicagotribune.com;Collins-Cole;Saint Paul;Place;20;Saiki;73502;10
Jozef;Prigmore;jprigmoreae@bravesites.com;Harvey, Weimann and Streich;Hoffman;Hill;8;Sokoto;26319;12
Jemimah;Duck;jduckaf@ucla.edu;Conn, Gorczany and Will;Namekagon;Parkway;3;Palma Gil;26960;8,9
Valina;Espinos;vespinosag@google.pl;Ortiz, Schaefer and Wilderman;Mariners Cove;Street;20;Marale;21103;1,6,12
Karita;Grandison;kgrandisonah@chronoengine.com;Hane-Rodriguez;Morning;Plaza;14;Mengxi;50030;11
Mick;Ickovicz;mickoviczai@si.edu;Leannon, Schultz and Kunze;Hansons;Hill;24;Terneuzen;67910;9
Marcos;Copello;mcopelloaj@eventbrite.com;Lueilwitz-Abshire;Fairview;Point;17;San Diego;39237;13,14,15
Elvira;Emmitt;eemmittak@gmpg.org;Bogisich, Romaguera and Dickinson;Riverside;Crossing;25;Montaneza;88157;2,3,4,5,7
Luciana;Ferrillo;lferrilloal@uol.com.br;Zboncak-Marquardt;Oneill;Trail;3;Soriano;44818;6,7
Carla;MacFadzean;cmacfadzeanam@nih.gov;Price-Marvin;Hansons;Avenue;18;Hujra;76846;8,9,10,11
Cody;Chillcot;cchillcotan@cargocollective.com;Towne, Bashirian and Crist;Kedzie;Circle;3;Lumijoki;37873;10,11
Malinde;Spain-Gower;mspaingowerao@blogs.com;Rowe, Roberts and Heidenreich;Dennis;Plaza;5;Tunasbaru;97484;3,4,5,6,7
Cyndy;Kersting;ckerstingap@tamu.edu;Mitchell-Corkery;Surrey;Avenue;16;Muricay;38006;1,12,13,14,15
Salvidor;Tuxell;stuxellaq@behance.net;Padberg, Leuschke and Metz;Moland;Crossing;5;Raciąż;37742;1,6
Yvette;Sherreard;ysherreardar@nhs.uk;Robel-Heaney;West;Trail;16;Rouyuan;53336;14,15
Maynord;Arnaut;marnautas@google.de;Zboncak-Walter;Lakeland;Park;13;Bedadung Kulon;35725;15
Odessa;Benit;obenitat@biblegateway.com;Haley, Kutch and Donnelly;Quincy;Pass;28;Kozelets’;77211;4,5
Edan;Hush;ehushau@cafepress.com;Adams, Kuphal and Monahan;High Crossing;Avenue;28;Yunyang;19489;2,4,5
Simone;Izzat;sizzatav@reuters.com;Abbott and Sons;Barnett;Crossing;1;Agustín Codazzi;98291;2,4
Gilles;Hancill;ghancillaw@hatena.ne.jp;Champlin-Ratke;Kenwood;Park;15;Maindang;15731;8,9
Bettina;Fellow;bfellowax@gnu.org;Langworth-Kiehn;Logan;Avenue;24;San Javier;88390;11
Tiffany;Masselin;tmasselinay@vimeo.com;Stracke and Sons;Springview;Terrace;7;Luyi;85883;10
Mallissa;D'Hooghe;mdhoogheaz@zimbio.com;Ledner, Durgan and Paucek;Ridge Oak;Way;28;Privolzhsk;22709;12
Angie;Dobbins;adobbinsb0@yale.edu;Cruickshank Group;South;Circle;22;Nantes;73493;8,9
Bartlett;Ketteridge;bketteridgeb1@java.com;Doyle LLC;Erie;Crossing;7;Al Bāţinah;66184;1,6,12
Drusy;Bentke;dbentkeb2@ocn.ne.jp;Blanda-Franecki;Dawn;Way;18;Gennevilliers;63554;11
Nelie;Sawyer;nsawyerb3@boston.com;Veum and Sons;Westridge;Parkway;14;Gorelovo;36445;9
Orren;Abdy;oabdyb4@linkedin.com;Kozey-Schultz;Birchwood;Drive;17;Orlando;71010;13,14,15
Johann;Dufour;jdufourb5@jiathis.com;Casper LLC;Shoshone;Avenue;20;Sandy Bay;64052;2,3,4,5,7
Karlie;MacMaster;kmacmasterb6@whitehouse.gov;Emmerich, Rau and Greenfelder;Springview;Junction;17;Ku‘aydinah;59936;6,7
Danyette;Claworth;dclaworthb7@blogs.com;Stokes-Hayes;Karstens;Pass;6;Neresnytsya;69369;8,9,10,11
Abner;Lorman;alormanb8@jugem.jp;Schroeder, Okuneva and Turcotte;Birchwood;Road;29;Dolsk;41821;10,11
Carlynne;Easterby;ceasterbyb9@hao123.com;Deckow-Hayes;Schlimgen;Terrace;10;Paicol;63591;3,4,5,6,7
Kerry;Hinsch;khinschba@apple.com;Purdy, Blanda and Gulgowski;Manitowish;Court;22;Chervonoarmiys’k;19187;1,12,13,14,15
Lind;Nolte;lnoltebb@miibeian.gov.cn;Bradtke and Sons;Meadow Valley;Terrace;18;Balai;13939;1,6
Christi;Kitcatt;ckitcattbc@sphinn.com;Gusikowski-Sawayn;Charing Cross;Circle;22;Ancol;71078;14,15
Fergus;McInally;fmcinallybd@admin.ch;Toy-Dickens;Thompson;Parkway;19;Borlänge;60355;15
Zed;Krauze;zkrauzebe@wikia.com;Mills Inc;Sunbrook;Center;3;Wujiayao;60550;4,5
Storm;Tonbridge;stonbridgebf@psu.edu;Murray-Kuhic;Trailsway;Terrace;10;Yuanjue;85130;2,4,5
Johanna;Fante;jfantebg@reference.com;Hermann and Sons;Weeping Birch;Plaza;14;Cajazeiras;42224;2,4
Terrel;Darthe;tdarthebh@discuz.net;Batz, Mills and Fritsch;Bonner;Terrace;3;Suvorovo;59660;8,9
Nicolina;Bracknall;nbracknallbi@mozilla.org;Kutch Inc;Jenifer;Trail;18;Macaíba;86692;11
Lucy;Awdry;lawdrybj@dailymotion.com;Hudson and Sons;Blaine;Alley;26;Pital;30240;10
Sydney;Ferebee;sferebeebk@purevolume.com;Altenwerth, Ziemann and Durgan;Duke;Way;4;Newport;26693;12
Von;Carty;vcartybl@sbwire.com;Wuckert, Emard and Lesch;Packers;Parkway;2;Bilicenii Vechi;29976;8,9
Alma;Johnsee;ajohnseebm@google.com.br;Kozey and Sons;Longview;Junction;26;Leteki;76096;1,6,12
Annmaria;McKim;amckimbn@google.nl;Gleason, Price and Crooks;Arizona;Park;18;Kupang;31319;11
Cori;Mark;cmarkbo@opera.com;Durgan, Heaney and West;Division;Avenue;14;Thị Trấn Na Sầm;91847;9
Marcelia;Daviddi;mdaviddibp@opensource.org;Ferry, Schneider and Thiel;Carpenter;Trail;11;Mulhouse;45368;13,14,15
Gilda;Kliche;gklichebq@shinystat.com;Bailey-Stracke;Lindbergh;Way;18;Shuanghekou;79233;2,3,4,5,7
Margeaux;Faire;mfairebr@archive.org;Witting-Champlin;Forest Run;Road;29;Tanda;73488;6,7
Wilma;Roelvink;wroelvinkbs@wikispaces.com;Schmidt, Purdy and Hintz;Loeprich;Court;10;Legrada;85207;8,9,10,11
Dominik;Caudle;dcaudlebt@senate.gov;Douglas, Yundt and Gorczany;Scoville;Circle;13;Sumurasin;56183;10,11
Marijo;Luckham;mluckhambu@imageshack.us;Heaney, Kirlin and Connelly;Shopko;Drive;2;Boulaouane;17643;3,4,5,6,7
Ludovika;Szanto;lszantobv@canalblog.com;DuBuque Inc;Hermina;Drive;26;Tauranga;17793;1,12,13,14,15
Caren;Pernell;cpernellbw@rakuten.co.jp;Cremin-Mitchell;Pankratz;Drive;11;Lamongan;13060;1,6
Norah;Matussow;nmatussowbx@ihg.com;Oberbrunner-Pagac;Pepper Wood;Drive;17;Kraljevo;52561;14,15
Courtnay;Kingscott;ckingscottby@elpais.com;Renner, Cummings and Jenkins;Schurz;Center;15;Benjamin Constant;32254;15
Jayson;Ephgrave;jephgravebz@hatena.ne.jp;Lubowitz-Mante;Bluejay;Road;13;Corona;76781;4,5
Virgina;Dyson;vdysonc0@ask.com;Hagenes-Nikolaus;Spohn;Alley;2;Amiens;77171;2,4,5
Kennie;Bedell;kbedellc1@dion.ne.jp;Schamberger Group;Pond;Court;3;Mulyadadi;94333;2,4
Starla;Flieg;sfliegc2@liveinternet.ru;Spencer-Bechtelar;Mariners Cove;Alley;2;Kaminokawa;30911;8,9
Ennis;Crewther;ecrewtherc3@techcrunch.com;Legros Inc;Mesta;Parkway;8;Surin;51726;11
Ursola;Caps;ucapsc4@mit.edu;Johnston Group;Algoma;Drive;6;Liangwa;49051;10
North;Holdron;nholdronc5@addtoany.com;Toy, Barrows and Runte;Victoria;Drive;6;Angeghakot’;77560;12
Ray;Abatelli;rabatellic6@liveinternet.ru;Jenkins, Reilly and Veum;Oriole;Plaza;2;Roissy Charles-de-Gaulle;90346;8,9
Feliks;Aldhouse;faldhousec7@indiatimes.com;Greenholt Group;Loftsgordon;Court;14;Onsŏng;25802;1,6,12
Finn;Cockings;fcockingsc8@cyberchimps.com;Lesch-Tillman;Clarendon;Drive;16;Lagnieu;44070;11
Kliment;Biner;kbinerc9@360.cn;Denesik, Tromp and Nicolas;Dexter;Way;5;Dingzigu;95302;9
Kathi;Badger;kbadgerca@addthis.com;Renner-Cronin;Mendota;Hill;20;Herāt;21504;13,14,15
Oralle;Roakes;oroakescb@naver.com;Fahey, Hagenes and Hegmann;Vermont;Center;8;Dangchang Chengguanzhen;30219;2,3,4,5,7
Doloritas;Revey;dreveycc@buzzfeed.com;Marks, Treutel and Quigley;Portage;Drive;16;Daping;59406;6,7
Kristo;Campelli;kcampellicd@issuu.com;Wisozk, Dach and Ferry;Sachs;Road;19;Iralaya;92097;8,9,10,11
Kiley;O' Mara;komarace@diigo.com;Haag-Effertz;Farragut;Drive;16;Yamethin;41291;10,11
Tabbie;Luppitt;tluppittcf@nyu.edu;Ziemann-Schoen;Harper;Lane;5;Diré;70360;3,4,5,6,7
Frasco;Lunny;flunnycg@pcworld.com;Murazik-Runte;Corben;Drive;26;Ulaanbaatar;74254;1,12,13,14,15
Osmond;Lethby;olethbych@rediff.com;Langworth-Tremblay;8th;Street;4;Carpiquet;65193;1,6
Valerie;Christal;vchristalci@berkeley.edu;Lebsack and Sons;Pine View;Street;23;Miguel Aleman;44279;14,15
Fawnia;Heasley;fheasleycj@guardian.co.uk;Brekke Inc;Little Fleur;Point;6;Shichuan;89561;15
Delphinia;Schlag;dschlagck@ucoz.com;Ortiz, Spinka and Bayer;Sage;Way;21;Tegalgede;32764;4,5
Benedick;Lyokhin;blyokhincl@gravatar.com;Reilly-Walter;Carpenter;Avenue;7;Limoges;25473;2,4,5
Albertine;Bompass;abompasscm@yahoo.co.jp;Barton and Sons;Merry;Terrace;28;Maisons-Laffitte;14616;2,4
Dael;Stopps;dstoppscn@dagondesign.com;Ziemann, Boehm and Trantow;Hansons;Parkway;21;Şuwayr;62192;8,9
Rafaellle;Abrahami;rabrahamico@foxnews.com;Marks LLC;Cardinal;Lane;29;Dashiren;57362;11
Araldo;Mound;amoundcp@businessinsider.com;Schroeder Inc;Artisan;Center;16;Paulpietersburg;40578;10
Elka;Brazel;ebrazelcq@fc2.com;Hammes-Kutch;Jenifer;Hill;5;Zhangjiawan;93677;12
Lucias;Ruegg;lrueggcr@shop-pro.jp;Klocko Group;Farmco;Point;23;Boissy-Saint-Léger;80955;8,9
Kanya;Veivers;kveiverscs@cyberchimps.com;Upton and Sons;Crowley;Parkway;14;Vale da Serra;38680;1,6,12
Edgard;Coslett;ecoslettct@mozilla.com;Willms-Olson;Charing Cross;Court;11;Stockholm;42858;11
Osborn;Baine;obainecu@cnet.com;Vandervort-Kassulke;Alpine;Lane;14;Maple Ridge;67100;9
Lulita;Oliva;lolivacv@hugedomains.com;Mayert, Ziemann and Wyman;Cherokee;Street;12;Kokofata;24735;13,14,15
Flo;Straker;fstrakercw@upenn.edu;Jacobson-Dooley;Pond;Terrace;25;Kario;30313;2,3,4,5,7
Sidonia;Readings;sreadingscx@scribd.com;O'Connell, Boyle and Walsh;High Crossing;Hill;24;Kukushtan;43079;6,7
Tabatha;Tinston;ttinstoncy@vimeo.com;Paucek LLC;Hazelcrest;Avenue;18;Seixas do Douro;20564;8,9,10,11
Elisa;Albery;ealberycz@pagesperso-orange.fr;Nicolas, Lind and Barton;Nobel;Avenue;1;Huangma;85663;10,11
Fania;Skatcher;fskatcherd0@tiny.cc;Schaefer Group;Wayridge;Crossing;23;Balboa;87926;3,4,5,6,7
Oralla;Ceschelli;oceschellid1@oaic.gov.au;Weimann, Klocko and Bednar;Evergreen;Park;26;North Vancouver;76810;1,12,13,14,15
Caye;Oxley;coxleyd2@utexas.edu;Rogahn LLC;Linden;Alley;21;Tinogasta;35129;1,6
Janaye;Chason;jchasond3@imdb.com;Bruen, Shields and Cummings;Lakewood Gardens;Avenue;11;Gongxi;72314;14,15
Lenard;Pietruszka;lpietruszkad4@sciencedirect.com;Gutmann Inc;Briar Crest;Park;20;Huicheng;91937;15
Talbert;Pilmer;tpilmerd5@samsung.com;Kris, Greenholt and Zemlak;Ridge Oak;Terrace;14;Canta;69998;4,5
Shandeigh;Gorring;sgorringd6@163.com;Crona, Vandervort and Wuckert;Lindbergh;Place;26;Greensboro;79470;2,4,5
Stephenie;Hayller;shayllerd7@tuttocitta.it;Gleichner Group;International;Lane;7;Jielin;59894;2,4
Gae;Puddan;gpuddand8@cafepress.com;Moore-Green;Walton;Drive;29;Muliang;63204;8,9
Moria;Mulvy;mmulvyd9@state.gov;Feest-Jacobson;Graedel;Court;9;Zea;87093;11
Sammy;Goss;sgossda@joomla.org;Bednar-Lemke;Mallard;Way;15;Himaya;96340;10
Raff;McGaughie;rmcgaughiedb@bloglines.com;King-Schoen;Heath;Drive;26;Guleluke;95161;12
Coretta;Holdforth;choldforthdc@github.io;Hayes-Gerlach;Pepper Wood;Trail;17;Real;12553;8,9
Glen;Landsborough;glandsboroughdd@shutterfly.com;Langosh Group;Armistice;Drive;6;Mossoró;15111;1,6,12
Enid;Viggers;eviggersde@example.com;Wisoky, Mertz and Sipes;Farragut;Point;3;Anguil;69481;11
Maurine;Iacovaccio;miacovacciodf@gov.uk;Swaniawski, Satterfield and Kunze;Pepper Wood;Center;11;Karamat;10016;9
Agneta;Beacom;abeacomdg@pbs.org;Wisozk, Greenholt and Bergstrom;Sauthoff;Way;10;Dukou;39464;13,14,15
Amabel;Staig;astaigdh@sogou.com;Bins, Casper and Larson;Mccormick;Lane;14;Barwałd Średni;45581;2,3,4,5,7
Joela;Tipler;jtiplerdi@constantcontact.com;Ratke-Bednar;Washington;Road;2;Suita;37016;6,7
Cece;Biasini;cbiasinidj@google.de;O'Conner-Rutherford;Arizona;Place;8;Sovetskaya;91767;8,9,10,11
Verne;Alcide;valcidedk@meetup.com;Medhurst-Fadel;Brentwood;Terrace;26;Mindupok;28619;10,11
Ilyse;Ammer;iammerdl@pbs.org;McGlynn, Cummerata and Connelly;Ronald Regan;Point;10;Göteborg;46827;3,4,5,6,7
Normy;Jerzak;njerzakdm@cornell.edu;VonRueden, Aufderhar and Feil;Surrey;Way;17;Lakha Nëvre;96231;1,12,13,14,15
Gan;Tolputt;gtolputtdn@amazon.com;Heller-Prosacco;Fuller;Trail;1;Ýdra;72059;1,6
Becki;Anfrey;banfreydo@nba.com;Grant, Huel and Bashirian;Petterle;Street;18;Kokstad;17111;14,15
Park;Antonognoli;pantonognolidp@nps.gov;Leffler and Sons;Florence;Lane;16;Albacete;15857;15
Carlin;Clail;cclaildq@zimbio.com;Stamm-Spinka;Eggendart;Park;6;Grand Rapids;13788;4,5
Gonzalo;Loosmore;gloosmoredr@over-blog.com;Reinger, Littel and Douglas;Oakridge;Court;3;Pajala;62745;2,4,5
Gaylor;Washington;gwashingtonds@goo.ne.jp;Ziemann, Russel and Goldner;Lerdahl;Drive;21;Nová Cerekev;97772;2,4
Clementine;McCurt;cmccurtdt@dmoz.org;Bosco and Sons;American;Lane;24;Pryamitsyno;38116;8,9
Brennen;Methley;bmethleydu@indiatimes.com;Paucek-Lehner;Reindahl;Hill;29;Famagusta;92361;11
Bret;Pudge;bpudgedv@auda.org.au;Cummerata LLC;Rutledge;Circle;8;Tangjin;44781;10
Marcelia;Claypoole;mclaypooledw@macromedia.com;Bode and Sons;Veith;Way;17;Pocsi;99262;12
Lesya;Bohje;lbohjedx@blogs.com;Wintheiser LLC;Reindahl;Lane;25;Coté-Lai;33795;8,9
Verena;Brunsdon;vbrunsdondy@w3.org;Runolfsdottir and Sons;Arapahoe;Trail;29;Yengiawat;80928;1,6,12
Gusti;Mompesson;gmompessondz@php.net;Roob LLC;Rigney;Alley;18;Oslo;16397;11
Laverna;Doubleday;ldoubledaye0@merriam-webster.com;Gutmann, Zulauf and Leannon;Caliangt;Street;26;Jetaral;41112;9
Guillemette;Polleye;gpolleyee1@jalbum.net;Grant LLC;Duke;Court;29;Petroúpolis;52806;13,14,15
Jerrie;Bowe;jbowee2@cdbaby.com;Willms, Ryan and Kunde;Fremont;Alley;21;Growong Kidul;90915;2,3,4,5,7
Valentijn;Antuoni;vantuonie3@fotki.com;Hettinger-Muller;Independence;Park;8;Ghāt;89362;6,7
Helen-elizabeth;McEvon;hmcevone4@psu.edu;Gutkowski Inc;Becker;Trail;27;Ūdalah;71163;8,9,10,11
Hersh;Bofield;hbofielde5@dmoz.org;Kiehn LLC;Fisk;Way;22;Yashio-shi;63611;10,11
Gwen;Gian;ggiane6@nasa.gov;Russel Inc;Village Green;Court;15;Ḩadādah;14156;3,4,5,6,7
Nestor;Skerratt;nskerratte7@weebly.com;Hammes, Beer and Trantow;Menomonie;Court;10;Greensboro;59163;1,12,13,14,15
Schuyler;Gilli;sgillie8@imgur.com;Brakus-Shields;Utah;Terrace;2;Beloeil;98665;1,6
Waite;Cheeld;wcheelde9@huffingtonpost.com;Hodkiewicz and Sons;Graceland;Drive;12;Banjar Jambe Baleran;42486;14,15
Abby;Maypole;amaypoleea@lulu.com;Beahan-Hansen;Sutherland;Point;11;Morbatoh;59995;15
Dana;Phorsby;dphorsbyeb@redcross.org;Johnston, Jerde and Frami;Dakota;Street;29;Malasin;21620;4,5
Brunhilda;Cantu;bcantuec@aol.com;Macejkovic Inc;Pleasure;Parkway;5;El Bolsón;18001;2,4,5
Homerus;Quemby;hquembyed@wp.com;Quitzon Inc;Spaight;Place;21;Dampit;60541;2,4
Etan;Slesser;eslesseree@prlog.org;Carter, Pacocha and Turcotte;Meadow Vale;Hill;21;Subotica;67216;8,9
Alla;Blazewicz;ablazewiczef@flickr.com;Kling-Witting;Lyons;Alley;7;Bipolo;96090;11
Sid;Janacek;sjanacekeg@geocities.jp;Welch-Weber;Bay;Avenue;23;Sattahip;77691;10
Shandy;Bottleson;sbottlesoneh@infoseek.co.jp;Cole-Bayer;Harper;Parkway;23;Lamatuka;33373;12
Edyth;Vasiliev;evasilievei@reference.com;Nolan, Carroll and Wyman;Rieder;Terrace;21;Bertioga;86198;8,9
Linnell;Strand;lstrandej@opensource.org;Cummings-Lubowitz;Cherokee;Plaza;24;Bowen Island;81259;1,6,12
Inglebert;Delacote;idelacoteek@shareasale.com;Watsica LLC;Veith;Park;13;Salinggara;10682;11
Elna;Van den Hof;evandenhofel@sphinn.com;Kutch Group;Shasta;Alley;11;La Motte-Servolex;46732;9
Agosto;Reddick;areddickem@tiny.cc;Kreiger-Lindgren;Acker;Center;2;Loutráki;25548;13,14,15
Corny;Cherry Holme;ccherryholmeen@squarespace.com;Davis Inc;Jackson;Trail;2;Novi Sad;99002;2,3,4,5,7
Tish;Kobes;tkobeseo@infoseek.co.jp;Bradtke, Cartwright and King;Boyd;Trail;14;Ramotswa;22273;6,7
Evania;Hurley;ehurleyep@ustream.tv;Hilpert, Dach and Trantow;Havey;Center;1;Kudang;58761;8,9,10,11
Nealon;Compfort;ncompforteq@businessweek.com;Ledner Group;Anzinger;Junction;13;Ahar;56804;10,11
Ronny;Cookes;rcookeser@pen.io;Grant Inc;Fisk;Junction;11;Šventoji;25149;3,4,5,6,7
Aaron;McCosker;amccoskeres@privacy.gov.au;Lang and Sons;Washington;Lane;18;Bukovany;41751;1,12,13,14,15
Nina;Casero;ncaseroet@example.com;Witting Group;Elgar;Park;25;Strasbourg;14363;1,6
Kaia;MacFall;kmacfalleu@amazon.co.uk;Nitzsche, Williamson and Osinski;Farragut;Alley;10;Ponte;45067;14,15
Corney;Wrighton;cwrightonev@xinhuanet.com;Kuhic Inc;Maryland;Terrace;4;Presnenskiy;91280;15
Terrell;Craik;tcraikew@discovery.com;Hahn Group;Ryan;Court;24;Kostino;37567;4,5
Obie;Embury;oemburyex@discuz.net;Parker LLC;Corscot;Center;15;Yuanling;46354;2,4,5
Jandy;Syncke;jsynckeey@fema.gov;Heidenreich-Jones;Truax;Center;6;Yuracyacu;67695;2,4
Doti;Pallin;dpallinez@cbslocal.com;Wiegand LLC;Johnson;Center;19;El Arenal;20609;8,9
Clemmie;Stent;cstentf0@loc.gov;Sauer, Watsica and Beier;Acker;Trail;22;Fangxi;94488;11
Boony;Raitt;braittf1@yahoo.com;Hand, Towne and Jerde;Bobwhite;Street;4;Campok;35461;10
Bamby;Fardell;bfardellf2@ucsd.edu;Grant, Hansen and Stanton;Maywood;Parkway;18;Milano;47360;12
Minta;Boice;mboicef3@yahoo.co.jp;Leuschke Group;Gulseth;Court;6;Qa‘ţabah;77342;8,9
Henrietta;Fasler;hfaslerf4@columbia.edu;Greenfelder Inc;Harper;Crossing;9;Bangan-Oda;99588;1,6,12
Garrott;Cristofvao;gcristofvaof5@purevolume.com;Nitzsche LLC;Loomis;Point;20;Norfolk;28816;11
Jenifer;Jeyes;jjeyesf6@icio.us;Kovacek Inc;Schmedeman;Center;19;Totora;58864;9
Padget;Beynke;pbeynkef7@webeden.co.uk;Bernier-Turcotte;Saint Paul;Road;1;Šavnik;31925;13,14,15
Rosalinda;Stoad;rstoadf8@arizona.edu;Krajcik Group;Westport;Avenue;18;Wufeng;47448;2,3,4,5,7
Leyla;McGucken;lmcguckenf9@mediafire.com;Wolff-Grant;Monument;Hill;14;Łysomice;44631;6,7
Lombard;Basilio;lbasiliofa@yellowbook.com;Hayes, Shanahan and Nader;Sullivan;Parkway;1;Dehī;86879;8,9,10,11
Romola;Ebbens;rebbensfb@theatlantic.com;Strosin Inc;Eagle Crest;Trail;18;Askaniya Nova;20191;10,11
Sandye;Reinhardt;sreinhardtfc@cocolog-nifty.com;Steuber-Bergstrom;Southridge;Parkway;24;Bojongsari;62905;3,4,5,6,7
Harbert;Royste;hroystefd@ucla.edu;McGlynn, Williamson and Lowe;Loftsgordon;Terrace;3;Saint-Bruno-de-Guigues;79402;1,12,13,14,15
Keene;Alleburton;kalleburtonfe@canalblog.com;Torp, Deckow and Volkman;Forster;Trail;12;Las Trojes;89247;1,6
Henrieta;Risman;hrismanff@hao123.com;Frami-Nicolas;Gateway;Plaza;17;Taganskiy;72161;14,15
Englebert;Whitsey;ewhitseyfg@slashdot.org;Zulauf and Sons;Helena;Trail;13;Washington;25871;15
Donnell;Reolfi;dreolfifh@state.gov;Howe Group;Packers;Center;28;Lyon;60740;4,5
Ferdinanda;Geroldini;fgeroldinifi@senate.gov;Hettinger, Prohaska and Moore;Redwing;Junction;4;Burgeo;96678;2,4,5
Melamie;Provost;mprovostfj@moonfruit.com;White-Homenick;International;Plaza;10;Qiongshan;84054;2,4
Ethan;Hattam;ehattamfk@unicef.org;Prohaska, Mayert and Bode;Corben;Center;20;Bibinje;15347;8,9
Othella;Loges;ologesfl@omniture.com;Pacocha-Yost;Cottonwood;Terrace;7;Nanling;94945;11
Lorenzo;Danilin;ldanilinfm@barnesandnoble.com;Batz-Adams;Ilene;Avenue;9;La Cumbre;74714;10
Rorie;McCloy;rmccloyfn@ask.com;Nitzsche, Hoppe and Botsford;Carioca;Crossing;22;Bringinanom;78455;12
Sophronia;Pettie;spettiefo@xrea.com;Walsh, Gottlieb and Jacobi;Sachs;Drive;20;Parikkala;57796;8,9
Jonah;Depper;jdepperfp@weibo.com;Metz, Bashirian and Emard;Mccormick;Place;17;Carenang Lor;21584;1,6,12
Hilda;Hesey;hheseyfq@mysql.com;Wolf, Will and Rutherford;Trailsway;Hill;17;Manique de Baixo;71577;11
Noam;deKnevet;ndeknevetfr@imdb.com;Becker-Borer;Buena Vista;Street;26;Shuangtian;87764;9
Amalle;Yea;ayeafs@china.com.cn;Hoeger-Cruickshank;Rockefeller;Point;10;Kang;45870;13,14,15
Star;Hanby;shanbyft@reddit.com;Hayes, McCullough and Wolff;Memorial;Avenue;14;Ruen;10518;2,3,4,5,7
Kristan;Costain;kcostainfu@netvibes.com;Marquardt-Feeney;Moose;Way;8;Xuyong;19741;6,7
Darcee;Alliston;dallistonfv@a8.net;Leuschke, Wunsch and Moore;Straubel;Crossing;13;Dalang;64751;8,9,10,11
Randy;Straw;rstrawfw@paypal.com;Howe, Kuhic and Grant;Truax;Park;29;Kudahuvadhoo;15180;10,11
Etty;Lattimer;elattimerfx@tinyurl.com;Abshire, Padberg and Klein;Kensington;Alley;14;Xicheng;52147;3,4,5,6,7
Linnell;Hawksby;lhawksbyfy@soundcloud.com;Gerlach-Cole;Holmberg;Alley;20;Ligang;83988;1,12,13,14,15
Tannie;Polding;tpoldingfz@blogspot.com;Hoppe LLC;Shoshone;Terrace;11;Ḑubāh;19875;1,6
Fannie;Joint;fjointg0@google.it;Gutmann-Koss;Chinook;Crossing;7;Gongchang Zhen;59846;14,15
Isa;Showell;ishowellg1@arizona.edu;Abernathy-Goyette;Delladonna;Junction;12;Storozhevaya;49949;15
Murielle;Ebbing;mebbingg2@yandex.ru;Gleichner-Heathcote;Portage;Lane;27;Yepocapa;36524;4,5
Inglebert;Panketh;ipankethg3@last.fm;Ritchie-Anderson;Lillian;Parkway;12;Nelazskoye;37850;2,4,5
Robinetta;Rowley;rrowleyg4@squarespace.com;Roob, MacGyver and Nienow;Toban;Park;16;Ibirama;18427;2,4
Archie;O'Hare;aohareg5@webnode.com;O'Kon-Lind;Pierstorff;Park;21;Januszkowice;97154;8,9
Stanislaw;McCaughren;smccaughreng6@netlog.com;Hodkiewicz-Nader;Springview;Junction;3;Miłakowo;75174;11
Zachariah;Konertz;zkonertzg7@google.ca;Donnelly Inc;Morning;Street;1;Xishan;60298;10
Dud;Seaborne;dseaborneg8@theatlantic.com;Barrows-Howe;Randy;Trail;25;Ronfe;13849;12
Gaspard;Tapin;gtaping9@cocolog-nifty.com;Cormier, Gutmann and Ankunding;Main;Road;22;Sande São Martinho;39357;8,9
Vick;Conelly;vconellyga@google.com.au;Morar, Kub and Williamson;Oakridge;Crossing;20;Beringinjaya;97029;1,6,12
Myron;Jordin;mjordingb@mit.edu;Weimann, Hilll and Hickle;Schiller;Circle;28;Staraya Kulatka;69534;11
Lynnet;Bucktharp;lbucktharpgc@imageshack.us;Zboncak, Goldner and Mosciski;Eastlawn;Lane;16;Limenária;80317;9
Woodrow;Bullon;wbullongd@cam.ac.uk;Armstrong Group;Fulton;Court;20;Shangping;78445;13,14,15
Gaspard;Nial;gnialge@creativecommons.org;Roob LLC;Crescent Oaks;Trail;26;Aurora;19155;2,3,4,5,7
Lombard;Pimer;lpimergf@canalblog.com;Schinner-Lindgren;Westend;Court;4;Zhangjiapan;26825;6,7
Dukie;Deamer;ddeamergg@tiny.cc;Leffler Inc;Sunnyside;Drive;27;Zhendong;74524;8,9,10,11
Franciskus;Jerromes;fjerromesgh@xrea.com;Farrell Group;Loftsgordon;Crossing;28;Tierralta;77906;10,11
Beitris;Alywen;balywengi@google.ru;Connelly and Sons;Calypso;Alley;23;Sukasenang;74646;3,4,5,6,7
Arty;Tibald;atibaldgj@vimeo.com;Boyle and Sons;Jackson;Trail;17;Três Passos;33058;1,12,13,14,15
Gilligan;Wantling;gwantlinggk@homestead.com;Hilpert, Brekke and Cummings;Charing Cross;Avenue;15;Bailieborough;74172;1,6
Gar;Parlett;gparlettgl@ibm.com;Macejkovic-Lebsack;Buena Vista;Center;9;Seattle;48521;14,15
Rachael;Lyall;rlyallgm@tmall.com;Hodkiewicz, Koelpin and Walsh;Dunning;Junction;21;Spirovo;47472;15
Stearn;Wolfe;swolfegn@wired.com;Langworth LLC;Anniversary;Terrace;21;Gensi;16604;4,5
Isaiah;Van Son;ivansongo@amazon.co.jp;Oberbrunner Inc;Forest;Lane;10;Ciénaga;17467;2,4,5
Laryssa;Duignan;lduignangp@indiegogo.com;Parisian-Corwin;Tomscot;Hill;17;Krajan Gading;78088;2,4
Benji;Montrose;bmontrosegq@ox.ac.uk;Nolan, Casper and Gleason;Claremont;Plaza;1;Rajhrad;65651;8,9
Ailbert;Garrard;agarrardgr@umn.edu;Dickens and Sons;Del Mar;Alley;9;Paris La Défense;38412;11
Cortie;Tann;ctanngs@wiley.com;Mraz, Powlowski and Abbott;Mccormick;Junction;29;Himensulan;24921;10
Ambros;Drakes;adrakesgt@csmonitor.com;Berge, Olson and Kemmer;Arizona;Pass;4;Cunday;16409;12
Barbette;Valler;bvallergu@networkadvertising.org;Jacobi LLC;Haas;Terrace;17;Kout na Šumavě;98665;8,9
Guillema;Lidgett;glidgettgv@sciencedirect.com;Goodwin, Macejkovic and Pollich;Monterey;Alley;1;Semenivka;10190;1,6,12
Marlo;Janota;mjanotagw@sina.com.cn;Howe and Sons;Schlimgen;Lane;9;Guangning;85738;11
Trstram;Maton;tmatongx@epa.gov;Dicki-Marquardt;Barby;Avenue;11;Stettler;43084;9
Barclay;Vertey;bverteygy@pinterest.com;Mayer and Sons;Hayes;Way;23;Gierałtowice;27393;13,14,15
Bondie;Vanyarkin;bvanyarkingz@elpais.com;Schultz, Beatty and Daniel;Milwaukee;Lane;23;Dayr Mawās;57132;2,3,4,5,7
Blondell;Jorden;bjordenh0@github.com;Von-Murray;Harper;Place;10;Aguilares;63063;6,7
Normy;Fulkes;nfulkesh1@si.edu;Botsford Group;Westport;Trail;11;Na Wa;84554;8,9,10,11
Darnall;Hendrichs;dhendrichsh2@hp.com;Beahan, Prosacco and Watsica;Spaight;Alley;13;Los Nogales;38285;10,11
Joachim;Whitsey;jwhitseyh3@google.de;Doyle LLC;Dexter;Crossing;5;Jurovski Dol;84353;3,4,5,6,7
Phillipp;Morefield;pmorefieldh4@sciencedirect.com;Franecki Group;Evergreen;Road;15;Arnelas;30729;1,12,13,14,15
Ernie;Sellars;esellarsh5@berkeley.edu;Mraz Inc;Anzinger;Parkway;4;Wang Thonglang;46820;1,6
Jan;Nockells;jnockellsh6@infoseek.co.jp;Mraz-Metz;Elka;Place;8;Qukou;42154;14,15
Celene;Kenderdine;ckenderdineh7@usa.gov;Russel, Macejkovic and Wehner;Vidon;Junction;7;Portela;19362;15
Hagen;Abba;habbah8@narod.ru;Yundt, Hegmann and Abernathy;Vera;Center;18;Slantsy;61695;4,5
Brandy;Kobiela;bkobielah9@techcrunch.com;Zemlak LLC;Forest Dale;Terrace;11;Linköping;80423;2,4,5
Lyda;Cade;lcadeha@youtu.be;Sauer-Nader;Mifflin;Park;16;Västra Frölunda;11158;2,4
Haleigh;Garretts;hgarrettshb@zimbio.com;Simonis-Kirlin;Bellgrove;Park;9;Balqash;37094;8,9
Samaria;Everley;severleyhc@t.co;Strosin, Langworth and Hintz;Talmadge;Pass;23;Itaporanga;84327;11
Urbano;Iannazzi;uiannazzihd@upenn.edu;Quitzon-Koelpin;Sommers;Alley;20;Gaizhou;64092;10
Ruprecht;Eglinton;reglintonhe@quantcast.com;Kshlerin, Wiegand and Zemlak;Burrows;Junction;22;Bagaces;61809;12
Hillyer;Farnes;hfarneshf@nba.com;Stamm Inc;Bartillon;Alley;26;Örebro;63647;8,9
Anton;Fey;afeyhg@forbes.com;Larson-Prosacco;Knutson;Circle;28;Chokwé;88807;1,6,12
Kare;Bibby;kbibbyhh@tinypic.com;Klein, Armstrong and Botsford;La Follette;Street;22;Sabugo;64392;11
Antonin;Critzen;acritzenhi@hostgator.com;Block-Crooks;3rd;Hill;27;São Paulo;35224;9
Morie;Dameisele;mdameiselehj@ihg.com;Willms Inc;Ridgeview;Alley;24;Suru;78568;13,14,15
Marcus;Puckinghorne;mpuckinghornehk@weather.com;Bode and Sons;Mallard;Trail;14;Ziyang;49652;2,3,4,5,7
Gareth;Le Estut;gleestuthl@earthlink.net;Casper-Bashirian;Red Cloud;Point;17;Comal;44632;6,7
Betta;Longland;blonglandhm@rakuten.co.jp;Bergnaum-Nolan;Meadow Vale;Parkway;17;Zhongxiao;29924;8,9,10,11
Daven;Wiltshier;dwiltshierhn@amazon.co.jp;Fisher-Hilll;Warner;Circle;4;Chardonnière;93544;10,11
Minetta;Peat;mpeatho@clickbank.net;Volkman, Douglas and Walsh;Nelson;Drive;24;Kingersheim;72357;3,4,5,6,7
Earvin;Anderer;eandererhp@slashdot.org;Emard, Bartell and Altenwerth;Holy Cross;Circle;7;Solna;20553;1,12,13,14,15
Kaspar;Cooksley;kcooksleyhq@sohu.com;Bailey, Davis and Hahn;Randy;Terrace;5;Niort;78922;1,6
Paloma;Davidov;pdavidovhr@booking.com;Weissnat-Kihn;Garrison;Street;26;Louka;92732;14,15
Dael;Haacker;dhaackerhs@unicef.org;Brakus and Sons;Independence;Terrace;14;Ad Dasmah;52630;15
Beaufort;Childs;bchildsht@soup.io;McKenzie LLC;Clemons;Lane;29;Binglincha;22043;4,5
Jannel;Di Giacomettino;jdigiacomettinohu@umn.edu;Huel, Dach and Runolfsson;Fuller;Avenue;8;Mezinovskiy;29884;2,4,5
Michaeline;Aleshintsev;maleshintsevhv@canalblog.com;Larson, Gleason and Dickens;Moland;Avenue;3;Altkirch;78129;2,4
Briana;Leirmonth;bleirmonthhw@imdb.com;Oberbrunner, Blanda and Bailey;Eastwood;Place;4;Westonaria;78451;8,9
Daria;Bagster;dbagsterhx@plala.or.jp;Hand, Ruecker and McClure;Spohn;Lane;14;Roma;25090;11
Lamont;McGiffin;lmcgiffinhy@ted.com;Schmitt-Schaden;Golf Course;Road;24;Ocote Paulino;92731;10
Pier;Clouston;pcloustonhz@shutterfly.com;Wilderman LLC;Mcguire;Circle;15;Tongli;36206;12
Sioux;Semeradova;ssemeradovai0@bbb.org;Brekke, Bahringer and Jakubowski;Butterfield;Circle;4;Pathein;80394;8,9
Riordan;McGaugan;rmcgaugani1@prnewswire.com;Muller Inc;Jana;Place;6;Kildare;57156;1,6,12
Nikolos;Castiglioni;ncastiglionii2@pinterest.com;Schiller-McDermott;Kipling;Circle;1;Manadhoo;28216;11
Madalyn;Churchouse;mchurchousei3@furl.net;Hettinger-Wiegand;Burrows;Hill;10;Annecy;68040;9
Ingram;Cullen;iculleni4@hatena.ne.jp;Corwin, Mayert and Nitzsche;Hanson;Place;25;Ulaan Khat;51988;13,14,15
Sella;Bixley;sbixleyi5@hp.com;Schoen Group;Buhler;Point;11;Lintaca;82146;2,3,4,5,7
Suzanne;Jarmaine;sjarmainei6@google.com.hk;Gerlach-Mann;Moose;Pass;13;Francisco Villa;19856;6,7
Euphemia;Satterthwaite;esatterthwaitei7@eventbrite.com;Casper and Sons;Mayfield;Park;15;Kobylin;94407;8,9,10,11
Antone;Northcott;anorthcotti8@nps.gov;Stoltenberg-Bogan;Anthes;Street;8;Bulacan;67212;10,11
Happy;Heselwood;hheselwoodi9@alibaba.com;Mertz, Murphy and McCullough;Russell;Crossing;24;Fox Creek;98986;3,4,5,6,7
Rowland;Leversha;rlevershaia@1688.com;Morar LLC;Summit;Pass;20;Abaca;13075;1,12,13,14,15
Davis;Pflieger;dpfliegerib@princeton.edu;Corwin, Muller and Grady;Butterfield;Place;2;Luyi;37298;1,6
Ruby;Gairdner;rgairdneric@nytimes.com;Mayert and Sons;Brickson Park;Court;8;Huangbayi;55983;14,15
Melina;Jessel;mjesselid@newyorker.com;Osinski, Medhurst and Goldner;Dahle;Terrace;4;Villa Mercedes;24735;15
Atalanta;Auty;aautyie@cloudflare.com;Kessler and Sons;Leroy;Road;2;Kostyantynivka;87047;4,5
Eal;Littlewood;elittlewoodif@1688.com;Runolfsdottir, Hilll and Rodriguez;Schlimgen;Street;6;Pendembu;93993;2,4,5
Ferrell;Gunbie;fgunbieig@indiatimes.com;Ondricka-Hudson;Lyons;Avenue;26;Jinchang;51259;2,4
Janot;Denniston;jdennistonih@fda.gov;Hettinger-Gleason;Hollow Ridge;Circle;14;Krajan Pocangan;64748;8,9
Donn;De Cruze;ddecruzeii@reddit.com;Goodwin, Stroman and Feeney;Westerfield;Drive;13;Katuli;51294;11
Jose;Wortley;jwortleyij@google.nl;Purdy, Rolfson and Bayer;Schlimgen;Terrace;24;Ensanche Luperón;53880;10
Donnie;Cowing;dcowingik@google.com.au;Runolfsdottir and Sons;Mccormick;Street;14;Villa Santa Rita;13452;12
Jamaal;Couvet;jcouvetil@cnn.com;Schaden, Wintheiser and Bahringer;Pearson;Street;14;Kasingan;21273;8,9
Dmitri;Lowin;dlowinim@pcworld.com;Rice-McDermott;Pawling;Junction;6;Agraharam;16220;1,6,12
Terencio;Cotterel;tcotterelin@washingtonpost.com;Watsica and Sons;Darwin;Avenue;29;Ciangir;19525;11
Davidde;Skillett;dskillettio@quantcast.com;Shields LLC;Tennessee;Street;2;Boyany;86451;9
Jilly;Garman;jgarmanip@goodreads.com;Jacobs, Hermiston and Kuhn;Anthes;Pass;29;Yumani;80343;13,14,15
Paule;Muncey;pmunceyiq@amazon.co.uk;Stanton Group;Thompson;Point;26;Druzhba;52715;2,3,4,5,7
Tally;Greenin;tgreeninir@weibo.com;Swift Group;Esch;Center;29;Beška;58154;6,7
Malorie;Saffle;msaffleis@imageshack.us;Anderson, Jenkins and Herman;Pankratz;Lane;10;Sabá;33507;8,9,10,11
Dom;Pimerick;dpimerickit@meetup.com;Steuber-Barrows;Armistice;Junction;25;Jembangan;75026;10,11
Rosalinda;Gerhold;rgerholdiu@ibm.com;Daugherty, Bosco and Rohan;Namekagon;Way;13;Matsubase;84861;3,4,5,6,7
Hayden;Cottell;hcottelliv@answers.com;Hermiston, Ziemann and Franecki;Vera;Hill;26;Habry;68074;1,12,13,14,15
Filip;Sweetenham;fsweetenhamiw@ifeng.com;Kshlerin-Gerlach;Pennsylvania;Junction;24;Longchiqiao;83578;1,6
Westleigh;Knightley;wknightleyix@wikia.com;Hettinger, Anderson and Schimmel;Arrowood;Street;29;Hongshan;42642;14,15
Sileas;Maplethorp;smaplethorpiy@trellian.com;Zieme-Denesik;Coolidge;Place;25;Puolanka;73945;15
Gipsy;Gatlin;ggatliniz@hao123.com;Swaniawski-Bergstrom;Dawn;Lane;29;Kawangu Satu;10781;4,5
Thomasine;Cochran;tcochranj0@w3.org;Ortiz, Lubowitz and Stracke;Haas;Center;24;Ongkharak;33854;2,4,5
Giorgi;Childers;gchildersj1@ifeng.com;Miller-Gibson;Spenser;Crossing;5;Ansongo;65622;2,4
Lenee;Karlolak;lkarlolakj2@fema.gov;Braun-Emard;Amoth;Alley;1;Wuli;80081;8,9
Wandie;Van der Kruijs;wvanderkruijsj3@goo.ne.jp;Kilback Inc;Melby;Road;19;Manevychi;31001;11
Wini;Biskup;wbiskupj4@addtoany.com;Hoeger, Rodriguez and Klein;Swallow;Crossing;10;Sankwia;73239;10
Gwendolyn;Trussler;gtrusslerj5@istockphoto.com;Johns, Block and Schowalter;Jenifer;Court;17;Santo Amador;47572;12
Ade;Nealand;anealandj6@istockphoto.com;Gutmann, Barton and Rempel;Hauk;Road;3;Aygepat;26906;8,9
Johnny;Edgeworth;jedgeworthj7@accuweather.com;Sawayn Group;7th;Way;1;Rote;54668;1,6,12
Xenos;Bessant;xbessantj8@bbb.org;Price, Cartwright and Schimmel;Maywood;Way;23;Shaheying;23780;11
Brier;Craddock;bcraddockj9@nasa.gov;McCullough Inc;Debs;Alley;22;Nuevo Emperador;15605;9
Bonnie;Larman;blarmanja@gov.uk;Witting, Bashirian and O'Hara;Walton;Circle;9;Renfengzhuang;50982;13,14,15
Camel;Shear;cshearjb@alibaba.com;Crist-Kihn;Marcy;Hill;16;Hualongyan;33818;2,3,4,5,7
Mitchell;Shimmin;mshimminjc@howstuffworks.com;Crona, Mitchell and Osinski;Sage;Pass;16;Kiboga;25908;6,7
Vivienne;Zywicki;vzywickijd@youtube.com;Abernathy Inc;Scott;Lane;26;Munggang;21071;8,9,10,11
Elenore;McNicol;emcnicolje@zimbio.com;Torphy, Yundt and Funk;Summerview;Pass;6;Tokarnia;66805;10,11
Deb;Pitceathly;dpitceathlyjf@phoca.cz;Kiehn, Hegmann and Schamberger;High Crossing;Plaza;26;Kiryū;53034;3,4,5,6,7
Waldon;O'Lyhane;wolyhanejg@constantcontact.com;Beier-Kunze;Pawling;Place;29;Figueiró dos Vinhos;55839;1,12,13,14,15
Evey;Garnam;egarnamjh@chicagotribune.com;Littel Inc;New Castle;Lane;7;Charlotte;10707;1,6
Byrann;Formigli;bformigliji@yahoo.com;Kuhic-Heller;Green;Crossing;10;Póvoa;53855;14,15
Doti;Crowcher;dcrowcherjj@accuweather.com;Hand Inc;Darwin;Park;9;Liure;56723;15
Lovell;Whiteoak;lwhiteoakjk@adobe.com;Hettinger LLC;Dovetail;Court;28;Daga;16411;4,5
Gerry;Dumberrill;gdumberrilljl@tumblr.com;Wolff and Sons;Sachs;Crossing;3;Rangmanten;34487;2,4,5
Birgit;Bowman;bbowmanjm@guardian.co.uk;Rodriguez Inc;Moose;Parkway;15;Calgary;26907;2,4
Filia;Wardhaw;fwardhawjn@dropbox.com;Little and Sons;Sommers;Road;22;Shangying;40277;8,9
Suzie;Leatherborrow;sleatherborrowjo@ibm.com;Kutch-Reichert;Ridge Oak;Center;26;Al ‘Awjah;69482;11
Ly;Darragon;ldarragonjp@ameblo.jp;Collier, Herman and Ritchie;Monterey;Court;2;Ngrejo;66117;10
Barbara;Dubose;bdubosejq@abc.net.au;Rau, Larkin and Wehner;Vernon;Plaza;24;Yanhong;27504;12
Devi;Summerly;dsummerlyjr@mediafire.com;Schinner-Legros;Logan;Junction;19;København;46569;8,9
Sheilakathryn;Ravenhills;sravenhillsjs@about.me;Hermiston Inc;Macpherson;Trail;13;Estância Velha;92597;1,6,12
Vinson;Duffill;vduffilljt@wikimedia.org;Ward, Gaylord and Weimann;Thompson;Drive;28;Ribeira Grande;35679;11
Zacharie;Greene;zgreeneju@odnoklassniki.ru;Wintheiser-Schulist;Redwing;Junction;14;La Estrella;45901;9
Melva;Etches;metchesjv@tinyurl.com;Dickens-Bauch;Lawn;Place;22;Daban;54908;13,14,15
Jamesy;Monteith;jmonteithjw@wiley.com;Kris-Beer;Northview;Pass;19;Tignapalan;34595;2,3,4,5,7
Gery;Christy;gchristyjx@discuz.net;Spinka-Ferry;Victoria;Avenue;12;Balagui;51135;6,7
Bud;Sommerled;bsommerledjy@pagesperso-orange.fr;Kovacek, Jakubowski and Ziemann;Forest;Point;29;Youxikou;64126;8,9,10,11
Sheff;Byas;sbyasjz@hao123.com;Spinka-Monahan;Independence;Park;8;Tengah;67610;10,11
Delmor;Ryam;dryamk0@blogger.com;Dietrich, Murray and Casper;Hallows;Way;15;Mvomero;37753;3,4,5,6,7
Filippa;Gordge;fgordgek1@altervista.org;McCullough LLC;Burrows;Alley;14;Talpe;45491;1,12,13,14,15
Juieta;Fennelow;jfennelowk2@yahoo.com;Kertzmann, Abshire and Barrows;Crowley;Trail;6;Chinhoyi;74335;1,6
Barnabas;Kneaphsey;bkneaphseyk3@unblog.fr;Lang-Wolf;Mandrake;Street;1;Uppsala;75322;14,15
Jayme;Dacre;jdacrek4@cnet.com;Stark-Heathcote;Hanover;Hill;15;Jaboticabal;25066;15
Georgetta;Eves;gevesk5@pen.io;Gorczany Group;Stuart;Way;1;Tchoban Bey;93069;4,5
Berky;Giacopazzi;bgiacopazzik6@simplemachines.org;Franecki and Sons;Upham;Trail;28;Vargön;52174;2,4,5
Malissa;Lippi;mlippik7@slate.com;Kunde, Lemke and Wilderman;Mayfield;Point;2;Levski;55843;2,4
Shandra;Pender;spenderk8@deviantart.com;Stanton Inc;Straubel;Point;10;Catarina;31148;8,9
Saidee;Gress;sgressk9@scribd.com;Barton, Pollich and Hand;Reindahl;Trail;23;Tehrān;65429;11
Dorena;Garbert;dgarbertka@independent.co.uk;Yundt, Rath and Quitzon;Novick;Drive;27;Guadalupe Victoria;60637;10
See;Learman;slearmankb@tumblr.com;Davis-Bode;Thackeray;Terrace;8;Carvalhal Redondo;31810;12
Isaac;Colley;icolleykc@tinyurl.com;Bogan Group;Alpine;Place;28;Jiaokou;58293;8,9
Gwenore;Thibodeaux;gthibodeauxkd@cdc.gov;Mitchell, Kunde and Jacobson;Jackson;Parkway;15;Yancheng;21980;1,6,12
Bridgette;Du Plantier;bduplantierke@biblegateway.com;Hand-Rolfson;Surrey;Parkway;4;Zhaodong;50781;11
Patton;Grubb;pgrubbkf@icio.us;Towne, Heaney and Mohr;Evergreen;Center;28;Guozhen;87183;9
Mathilde;Hallstone;mhallstonekg@patch.com;Conn-Abbott;Prairieview;Way;22;Shamkhor;13513;13,14,15
Lacey;Read;lreadkh@bizjournals.com;Effertz LLC;Westport;Street;25;Sumurgeneng;82035;2,3,4,5,7
Andrea;Aleksashin;aaleksashinki@trellian.com;Deckow-Hand;Crescent Oaks;Terrace;27;Uppsala;60153;6,7
Jacky;Brocks;jbrockskj@usgs.gov;Kovacek-Kulas;Fisk;Park;26;San Felipe;79783;8,9,10,11
Yancey;Stormonth;ystormonthkk@loc.gov;Brekke-Hane;Bartelt;Lane;9;Espinosa;32973;10,11
Arlie;Charleston;acharlestonkl@newsvine.com;Bauch Group;Amoth;Parkway;16;Gaoling;44391;3,4,5,6,7
Selle;Dalliwater;sdalliwaterkm@is.gd;Bartell-Ullrich;Birchwood;Pass;17;Chvalšiny;57649;1,12,13,14,15
Jenica;Dyer;jdyerkn@canalblog.com;Lemke, Schmidt and Gutkowski;John Wall;Plaza;17;Daqiao;30550;1,6
Aubry;Kollach;akollachko@imageshack.us;Powlowski, Beer and Dietrich;Del Mar;Terrace;22;New Washington;11371;14,15
Joseph;Gitthouse;jgitthousekp@mayoclinic.com;Grady-Goldner;Division;Court;19;Maastricht;20550;15
Cher;McGrath;cmcgrathkq@tripod.com;Dibbert Group;Onsgard;Hill;12;Salinas;51988;4,5
Dunn;Gwillyam;dgwillyamkr@gov.uk;Cummings, Langosh and Koelpin;Birchwood;Trail;11;Öldziyt;48055;2,4,5
Porter;Gillmor;pgillmorks@ifeng.com;Torphy, Wolf and Schneider;Monica;Junction;8;Muurla;79221;2,4
Cherri;Ferreri;cferrerikt@desdev.cn;Ferry, Waters and Bins;Bayside;Terrace;15;Goroka;51788;8,9
Britte;Tunmore;btunmoreku@miibeian.gov.cn;Jacobs Group;Monica;Pass;8;Kōnosu;98497;11
Jessy;Kissock;jkissockkv@digg.com;Baumbach-Senger;Thackeray;Pass;4;Sop Pong;95297;10
Serena;Sante;ssantekw@google.com.br;Greenholt-Keeling;Mallory;Way;5;Bendo;27106;12
Sharl;Donaghie;sdonaghiekx@gnu.org;Bode-Kohler;Prairieview;Circle;6;Ấp Tân Ngãi;75727;8,9
Casie;Iorns;ciornsky@godaddy.com;Kertzmann Inc;Anhalt;Crossing;3;Ocumare de la Costa;14320;1,6,12
Clareta;Abramski;cabramskikz@freewebs.com;Paucek, Bechtelar and Farrell;Lunder;Terrace;29;Kinatakutan;39784;11
Avrom;Soitoux;asoitouxl0@elegantthemes.com;Bosco-Veum;Delaware;Avenue;6;Lysekil;73939;9
Dulcia;Constable;dconstablel1@nps.gov;Lesch Group;Michigan;Drive;14;Lewoluo;98598;13,14,15
Brendan;Pimley;bpimleyl2@cnn.com;Morissette-Swift;Schlimgen;Avenue;24;Helsingborg;56067;2,3,4,5,7
Clio;Gainsbury;cgainsburyl3@google.com.hk;Ferry and Sons;Warrior;Lane;8;Drakino;47271;6,7
Barr;Meachem;bmeacheml4@ucoz.ru;Jacobs-Gleason;Pepper Wood;Pass;2;Talon;69841;8,9,10,11
Valina;Pauli;vpaulil5@issuu.com;Kiehn, Renner and West;Toban;Avenue;19;Huangtan;34645;10,11
Nap;Gilsthorpe;ngilsthorpel6@ebay.co.uk;Mayer-Mayert;Bartelt;Court;22;Liberta;67455;3,4,5,6,7
Sibel;Trill;strilll7@chicagotribune.com;Lockman-Lang;Hanson;Trail;16;San Pedro;15889;1,12,13,14,15
Hillier;Redmille;hredmillel8@blogger.com;O'Hara, Ziemann and Kreiger;Gale;Park;26;Tulle;85424;1,6
Karla;Surcomb;ksurcombl9@apple.com;Brown, Schultz and Abbott;Lyons;Lane;29;Jeminay;31912;14,15
Sara;Peek;speekla@samsung.com;Aufderhar-Johnston;Utah;Drive;17;Zhutuo;54574;15
Octavia;Rapi;orapilb@epa.gov;Carroll-Mohr;Anzinger;Circle;27;Haparanda;72256;4,5
Tucker;Spiby;tspibylc@uol.com.br;Lakin LLC;Mccormick;Street;10;Elaiochóri;57050;2,4,5
Curtice;Hellicar;chellicarld@uiuc.edu;Stoltenberg, Skiles and Lakin;Brentwood;Avenue;25;Valjevo;36232;2,4
Goldarina;Hasluck;ghasluckle@plala.or.jp;Parker, Schumm and Wolf;Northview;Lane;23;Grand Rapids;51336;8,9
Brodie;Rubinek;brubineklf@ocn.ne.jp;Yost, Runte and Hintz;Jay;Pass;16;Tubalan;37522;11
Diarmid;Perel;dperellg@cisco.com;Schmitt-Bartoletti;Algoma;Pass;29;Kadugadung;47123;10
Bert;Aspland;basplandlh@reddit.com;Hills Inc;Anhalt;Way;15;Tikhvin;80678;12
Helli;Force;hforceli@berkeley.edu;Donnelly-Tillman;Caliangt;Park;17;Ezhou;82893;8,9
Jarvis;Baber;jbaberlj@geocities.com;Donnelly Inc;Vernon;Circle;14;Botoh;25365;1,6,12
Elbert;Caff;ecafflk@cafepress.com;Conroy, Lowe and Doyle;Gerald;Junction;18;Providence;69663;11
Holly;Chidlow;hchidlowll@narod.ru;Towne-Kirlin;Scoville;Terrace;16;Buenos Aires;73236;9
Katya;Knight;kknightlm@friendfeed.com;Leuschke and Sons;Dawn;Terrace;1;Bajera;46649;13,14,15
Ernst;Buzza;ebuzzaln@cdbaby.com;Lueilwitz, Ryan and Bartell;Colorado;Avenue;23;Lemahputih;75359;2,3,4,5,7
Ianthe;Lints;ilintslo@dailymotion.com;Stehr and Sons;Loeprich;Drive;11;Gines-Patay;14627;6,7
Fonsie;Consterdine;fconsterdinelp@boston.com;Corwin-Schmeler;Golden Leaf;Trail;27;Bonebone;51392;8,9,10,11
Christian;Murney;cmurneylq@joomla.org;Rau-Durgan;Anthes;Junction;4;Fonte Boa;31888;10,11
Cami;O'Drought;codroughtlr@jiathis.com;Botsford Group;Tomscot;Point;5;Malalag;59375;3,4,5,6,7
Erv;Lehemann;elehemannls@ezinearticles.com;Mitchell Group;Prairieview;Trail;3;Gurinai;48443;1,12,13,14,15
Ram;Risebrow;rrisebrowlt@prweb.com;Pfeffer Group;Weeping Birch;Street;14;Calasgasan;25138;1,6
Nollie;Burdin;nburdinlu@clickbank.net;Romaguera-Roob;Delladonna;Point;6;Mempawah;63108;14,15
Jodi;Flew;jflewlv@squidoo.com;Lemke-Swaniawski;Mifflin;Point;13;Lyon;98344;15
Chiquia;Fedoronko;cfedoronkolw@github.com;Mann-Wilderman;Mallory;Junction;2;San Isidro;58759;4,5
Hanna;Shakelade;hshakeladelx@meetup.com;Kiehn and Sons;1st;Lane;1;Níkaia;32776;2,4,5
Brodie;Daniely;bdanielyly@lulu.com;Pagac-Lehner;Manufacturers;Point;5;Vladivostok;26508;2,4
Zenia;Edmonds;zedmondslz@alibaba.com;Bruen Group;Troy;Way;22;New Cebu;65445;8,9
Chauncey;Scimoni;cscimonim0@dion.ne.jp;Barrows and Sons;Sunbrook;Court;8;Spartanburg;87976;11
Harriet;Solon;hsolonm1@vk.com;Zboncak, Durgan and Bernier;Kings;Plaza;15;El Corozo;52995;10
Dorelle;Cosgry;dcosgrym2@samsung.com;Ryan, Davis and Rippin;Sherman;Parkway;3;Laoxialu;21252;12
Hersch;Issacov;hissacovm3@about.com;Barton and Sons;Superior;Way;28;Amouguer;46569;8,9
Ashlie;Rubinsaft;arubinsaftm4@bbc.co.uk;Thiel-Lindgren;Swallow;Point;14;Alukama;59981;1,6,12
Hermione;Haresnaip;hharesnaipm5@japanpost.jp;Kozey-Bode;Nelson;Parkway;20;Andaray;11573;11
Karrie;Backes;kbackesm6@reuters.com;Ruecker Group;American Ash;Parkway;28;Formosa;44685;9
Aindrea;Geram;ageramm7@de.vu;Raynor-O'Hara;Thompson;Park;24;Chatou;99748;13,14,15
Kelly;Alpin;kalpinm8@webnode.com;Senger LLC;Anderson;Avenue;7;Farafenni;94250;2,3,4,5,7
Tonia;Wenderott;twenderottm9@webmd.com;Block, Waelchi and Glover;Merrick;Avenue;28;Sarulla;12085;6,7
Adina;Bambery;abamberyma@google.cn;Steuber-Dicki;Anderson;Road;2;Cuiabá;37383;8,9,10,11
Dorine;Rubi;drubimb@addthis.com;Stehr, Monahan and Kautzer;Washington;Crossing;27;Vincennes;49168;10,11
Roberto;Gery;rgerymc@amazon.co.uk;Reichert-Turcotte;Dahle;Terrace;21;Araçatuba;71253;3,4,5,6,7
Cammy;Vasler;cvaslermd@weebly.com;Carter-Ankunding;Hermina;Junction;18;Pailiao;10984;1,12,13,14,15
Flory;Stannett;fstannettme@prlog.org;Lehner-Wehner;Mcbride;Hill;24;Snizhne;36382;1,6
Tera;Hawksley;thawksleymf@reddit.com;Willms, Kulas and Hayes;Longview;Way;19;Zhubei;95230;14,15
Sebastiano;Wakelam;swakelammg@joomla.org;Macejkovic-Marquardt;Eastwood;Lane;28;Sainte-Agathe-des-Monts;18218;15
Temp;Ranald;tranaldmh@simplemachines.org;Braun and Sons;Fulton;Crossing;24;Várzea;92117;4,5
Greer;Jellings;gjellingsmi@phpbb.com;McGlynn-Johnston;Basil;Road;20;Guandu;18365;2,4,5
Marcus;Gonneau;mgonneaumj@hugedomains.com;Kuhic and Sons;Di Loreto;Lane;14;Sagana;39153;2,4
Rafa;Eccleshare;recclesharemk@jimdo.com;Upton and Sons;Acker;Point;9;Lixiqiao;55172;8,9
Alfredo;Ferson;afersonml@webs.com;Ferry, Breitenberg and Gutmann;Warbler;Way;5;San Juan de Limay;39948;11
Abbey;Surman-Wells;asurmanwellsmm@icq.com;Wuckert, Blick and Steuber;Dovetail;Alley;12;Göteborg;22382;10
Sindee;Reinard;sreinardmn@columbia.edu;Lockman and Sons;Redwing;Point;8;Sukacai Tengah;96640;12
Patrizia;Tobin;ptobinmo@nytimes.com;Mayert Inc;Beilfuss;Junction;18;Mbomba;28861;8,9
Pavia;Bruhnicke;pbruhnickemp@tumblr.com;Dach and Sons;Rieder;Plaza;1;Pionerskiy;10905;1,6,12
Loretta;Davison;ldavisonmq@uiuc.edu;Reilly, Hintz and Rath;Golf View;Terrace;29;Château-Richer;44824;11
Ina;Lockier;ilockiermr@soup.io;Gaylord, Gutmann and Langworth;Lakeland;Junction;3;Hengqu;75122;9
Agretha;Ugolotti;augolottims@oaic.gov.au;Block, Lueilwitz and Schroeder;Lakeland;Hill;3;Prey Veng;76658;13,14,15
Melodee;Antoniou;mantonioumt@4shared.com;Jones-Walter;Cardinal;Street;24;Krosno Odrzańskie;91558;2,3,4,5,7
Francisco;Apps;fappsmu@ebay.com;Wisoky-Rice;David;Crossing;10;Yanwo;98328;6,7
Stella;Berk;sberkmv@harvard.edu;Stoltenberg-Deckow;Saint Paul;Parkway;24;Novi Kneževac;26156;8,9,10,11
Doralia;Jarlmann;djarlmannmw@bbb.org;Stehr-Jones;Elmside;Hill;8;Tokuyama;98943;10,11
Selena;Albert;salbertmx@si.edu;Gulgowski Group;Autumn Leaf;Circle;18;Koshigaya;40502;3,4,5,6,7
Rodolph;D'Aeth;rdaethmy@huffingtonpost.com;Jacobson Inc;Lawn;Street;13;Herrán;82493;1,12,13,14,15
Laura;Garnett;lgarnettmz@ameblo.jp;Roberts, Wyman and Feeney;Carberry;Parkway;19;Enjitsu;53514;1,6
Janie;Taylder;jtayldern0@oakley.com;Daugherty and Sons;Portage;Terrace;16;Pendembu;42508;14,15
Thekla;Eleshenar;teleshenarn1@fotki.com;Bogisich, Torp and Walker;Garrison;Park;20;Irecê;70141;15
Crissie;Donnersberg;cdonnersbergn2@seattletimes.com;Konopelski, Turcotte and Rodriguez;Graedel;Plaza;2;Łapanów;28072;4,5
Viviana;Blizard;vblizardn3@un.org;Jacobi, Dare and Ortiz;Magdeline;Park;4;Chugur;57851;2,4,5
Keene;Airlie;kairlien4@xrea.com;Labadie, Upton and Kutch;Golf View;Junction;18;Ceres;58603;2,4
Hobart;Doche;hdochen5@acquirethisname.com;Bailey Inc;Dakota;Alley;11;Diaoluoshan;53626;8,9
Anallise;Clemerson;aclemersonn6@wikispaces.com;Kuhlman Inc;Mosinee;Hill;10;Kafr ad Dīk;69010;11
Frayda;Berick;fberickn7@economist.com;Orn, Berge and Boehm;Lake View;Court;13;Jiaocha;25327;10
Baxy;Mc Grath;bmcgrathn8@goo.ne.jp;Daniel and Sons;Graceland;Way;26;Petaluma;22293;12
Chaddy;Large;clargen9@auda.org.au;Boehm LLC;Mandrake;Pass;29;Linköping;23752;8,9
Chris;Ivashnikov;civashnikovna@fotki.com;Rosenbaum Inc;Comanche;Road;19;San Fernando Apure;63961;1,6,12
Davie;Cray;dcraynb@ucsd.edu;Leuschke LLC;Bunting;Park;25;Taihe;97543;11
Mollee;Chimes;mchimesnc@wikispaces.com;Deckow, Bosco and Heaney;Sherman;Terrace;10;Khal’ch;86506;9
Henka;Wellsman;hwellsmannd@go.com;Bruen, Kuphal and Moore;Blaine;Plaza;4;Youhua;44962;13,14,15
Nanny;Riquet;nriquetne@thetimes.co.uk;Robel and Sons;Butterfield;Pass;17;Rantaupanjangkiri;73442;2,3,4,5,7
Kerianne;Villa;kvillanf@eepurl.com;Walter, Hoeger and Gusikowski;Northport;Pass;11;Zhongfeng;21296;6,7
Pryce;Mattacks;pmattacksng@google.com.hk;Harber LLC;Dayton;Plaza;12;Pongkor;29096;8,9,10,11
Graeme;Lavielle;glaviellenh@jalbum.net;Price-Spencer;Dexter;Lane;15;Santa Lucía;96258;10,11
Thelma;Wardale;twardaleni@army.mil;Marquardt, Gulgowski and Terry;Graceland;Parkway;6;São José do Rio Preto;47254;3,4,5,6,7
Concettina;Brannigan;cbrannigannj@tamu.edu;Padberg, McLaughlin and Pagac;Northridge;Place;5;Zákynthos;30297;1,12,13,14,15
Krisha;Pheasey;kpheaseynk@topsy.com;Monahan-Lowe;Debs;Hill;2;Caqu;10873;1,6
Cary;Dow;cdownl@vimeo.com;McGlynn, Howe and Ledner;Hoepker;Parkway;20;Dingyan;85848;14,15
Kelbee;Chaves;kchavesnm@booking.com;Hoeger Group;Bunker Hill;Point;4;Jidong;91283;15
Marabel;Geall;mgeallnn@rediff.com;McCullough, Shields and Metz;Brickson Park;Hill;26;Kumanovo;13569;4,5
Micaela;Denness;mdennessno@blogger.com;Kutch LLC;Kenwood;Place;21;Bagé;79554;2,4,5
Shane;Vaun;svaunnp@indiegogo.com;Ziemann LLC;Goodland;Pass;6;Mahaddayweyne;82867;2,4
Madeleine;Ferencowicz;mferencowicznq@gravatar.com;Considine, Labadie and Ritchie;Prentice;Plaza;19;Maisí;21532;8,9
Addison;Hugonneau;ahugonneaunr@ifeng.com;Bruen-Lang;Buena Vista;Trail;28;Rokitno Szlacheckie;10273;11
Shannan;Madner;smadnerns@squarespace.com;Kohler-Bernier;Rutledge;Park;26;Xihu;42539;10
Judith;Rigbye;jrigbyent@icio.us;King LLC;Susan;Crossing;8;Laiwu;12431;12
Dorette;Fendt;dfendtnu@blog.com;Little and Sons;Sutherland;Street;3;Buturlinovka;30931;8,9
Benyamin;Loyley;bloyleynv@gravatar.com;Mante, Kerluke and Gibson;Badeau;Trail;21;Hūn;83800;1,6,12
Oona;Cotterrill;ocotterrillnw@unesco.org;Murphy-Turcotte;Crest Line;Drive;19;São Pedro de Trafaria;31189;11
Ellwood;Baptie;ebaptienx@comsenz.com;Littel-Harvey;Lake View;Point;14;Kebonjaya;53693;9
Laura;Mulbry;lmulbryny@forbes.com;Schultz-Walsh;Roxbury;Plaza;9;Oslob;40479;13,14,15
Ronalda;Petrowsky;rpetrowskynz@cloudflare.com;Moore, Oberbrunner and Quigley;Melody;Terrace;8;Huangchuan;44738;2,3,4,5,7
Westbrook;Canning;wcanningo0@ask.com;McGlynn and Sons;Commercial;Junction;17;Memphis;42736;6,7
Haydon;Roselli;hrosellio1@comcast.net;Johnston, Hammes and MacGyver;Browning;Court;22;Hexi;53482;8,9,10,11
Nefen;Halfacree;nhalfacreeo2@tiny.cc;Moen-Deckow;Merchant;Plaza;27;Klatovy;40619;10,11
Luise;Smiths;lsmithso3@wordpress.com;Hegmann LLC;Amoth;Parkway;1;San Fernando del Valle de Catamarca;28914;3,4,5,6,7
Denice;Dumingo;ddumingoo4@live.com;Spencer-Nitzsche;Westend;Lane;21;Lebak;98218;1,12,13,14,15
Milzie;Mars;mmarso5@360.cn;Spinka Inc;Westport;Way;26;Minas de Oro;10381;1,6
Nanny;Ovendale;novendaleo6@elegantthemes.com;Gulgowski-Kris;Delladonna;Circle;11;Trakan Phut Phon;93902;14,15
Hasheem;Le Noir;hlenoiro7@canalblog.com;Raynor-Daniel;Hooker;Court;26;Duanshen;96504;15
Didi;Bourthoumieux;dbourthoumieuxo8@loc.gov;Kohler, Crist and Hermann;Debra;Parkway;21;Yuli;67482;4,5
Dorie;Skone;dskoneo9@washingtonpost.com;McLaughlin and Sons;Basil;Terrace;15;Cabinda;67088;2,4,5
Frayda;Girone;fgironeoa@devhub.com;Funk Inc;Commercial;Point;26;Kahrīz;60364;2,4
Stephine;Kirsop;skirsopob@npr.org;Durgan-Stanton;Shopko;Drive;25;Chicoana;48872;8,9
Didi;Danett;ddanettoc@comsenz.com;McDermott-Yost;Myrtle;Circle;8;Staryy Oskol;61452;11
Stevie;Cargill;scargillod@psu.edu;Bashirian-Keebler;Crest Line;Pass;17;Shuozhou;89497;10
Helsa;Phil;hphiloe@irs.gov;Bashirian, Leffler and Jenkins;Lukken;Way;15;Il’ka;38242;12
Tobias;Guerrero;tguerreroof@icio.us;Langosh, Schaefer and Schoen;Briar Crest;Crossing;23;Arias;71233;8,9
Donall;Riddler;driddlerog@pen.io;Kilback-Gusikowski;Loftsgordon;Way;15;Matamey;89139;1,6,12
Kevin;Brolan;kbrolanoh@whitehouse.gov;Gutkowski-Beier;Harbort;Park;8;Independencia;76576;11
Bee;Armiger;barmigeroi@buzzfeed.com;Little, Adams and Bradtke;Becker;Point;9;Kralupy nad Vltavou;69170;9
Nannette;Copperwaite;ncopperwaiteoj@cpanel.net;Beer-Weber;Tennyson;Lane;21;Dorūd;94900;13,14,15
Guy;Elfitt;gelfittok@scribd.com;Bergnaum and Sons;Talisman;Junction;29;Lumbang;32022;2,3,4,5,7
Jobey;Gwillyam;jgwillyamol@123-reg.co.uk;Labadie-Kling;Parkside;Circle;29;Gualeguay;31533;6,7
Bogey;Hiland;bhilandom@msu.edu;Pollich-Bergnaum;Jackson;Hill;28;Marne-la-Vallée;20949;8,9,10,11
Alvira;Tookill;atookillon@hatena.ne.jp;Wiegand, Simonis and Schiller;Meadow Vale;Avenue;7;Tsaghkahovit;77601;10,11
Algernon;Bere;abereoo@google.ca;Wisoky Inc;Oriole;Street;27;Chivhu;18100;3,4,5,6,7
Balduin;Yanuk;byanukop@hao123.com;Pollich-Larkin;Pawling;Trail;8;Parrita;58482;1,12,13,14,15
Bernarr;Wormstone;bwormstoneoq@tamu.edu;Lind and Sons;Eastwood;Terrace;3;Regla;83770;1,6
Frankie;Nacci;fnaccior@youku.com;Jacobson Inc;Barnett;Park;21;Kilifi;41310;14,15
Jarrett;Bromley;jbromleyos@nps.gov;Mueller, Lemke and Conn;Tennyson;Pass;21;Futuroscope;73285;15
Allyson;Trustey;atrusteyot@aol.com;Cremin, Macejkovic and Lubowitz;Loomis;Place;20;Klenčí pod Čerchovem;48902;4,5
Briant;Clarkson;bclarksonou@livejournal.com;Emmerich-Zulauf;Oakridge;Hill;1;Delmiro Gouveia;74805;2,4,5
Caressa;Elgy;celgyov@umich.edu;Pacocha, Powlowski and Dickinson;Gulseth;Park;4;Huatanshan;25165;2,4
Kristoffer;Jewster;kjewsterow@blog.com;Hahn Inc;Emmet;Drive;15;Montalegre;88600;8,9
Neila;Waleran;nwaleranox@timesonline.co.uk;DuBuque-Boyer;Sachs;Circle;18;Ai Tu;11396;11
Vinny;Cratere;vcratereoy@tamu.edu;Hand Group;Continental;Pass;12;Pangpang;88123;10
Hanson;Cattenach;hcattenachoz@sbwire.com;Beer, Connelly and Collins;Ridgeway;Drive;17;Priekule;78196;12
Jamal;Bresnen;jbresnenp0@fema.gov;Cremin, Durgan and Price;Golf;Avenue;22;Yongfeng;46184;8,9
Winnah;Kerfut;wkerfutp1@pen.io;Hagenes, Wiza and Doyle;Scoville;Way;10;Huxingshan;42049;1,6,12
Dodi;Mellor;dmellorp2@addthis.com;Reynolds-Murray;Arrowood;Terrace;27;Kisumu;15460;11
Harwell;Lailey;hlaileyp3@chronoengine.com;Torphy Inc;Lillian;Crossing;14;Taipingxu;93952;9
Milty;Hair;mhairp4@parallels.com;Klein-Kessler;Haas;Parkway;16;Wugong;91216;13,14,15
Haleigh;Pavel;hpavelp5@washington.edu;Rice-Luettgen;Burrows;Point;16;Weihe;62584;2,3,4,5,7
Cord;Adamek;cadamekp6@fc2.com;Mayert-Borer;Del Mar;Trail;12;Letlhakeng;78447;6,7
Zollie;Lermit;zlermitp7@linkedin.com;O'Kon-Batz;Memorial;Court;24;Terter;86976;8,9,10,11
Becca;Beazer;bbeazerp8@trellian.com;Schuster-Kreiger;Anthes;Park;3;Bilad;90185;10,11
Hogan;Sotheron;hsotheronp9@dailymail.co.uk;Gulgowski Inc;Vahlen;Point;12;Hagondange;89718;3,4,5,6,7
Aube;Springer;aspringerpa@tinypic.com;Smitham, Padberg and Ondricka;Dayton;Center;17;Pilpichaca;15559;1,12,13,14,15
Olympia;Laird;olairdpb@icio.us;Medhurst, Schneider and Cormier;Vernon;Terrace;23;Seke;82088;1,6
Maureen;Pietzke;mpietzkepc@shareasale.com;Smitham, Thompson and Shanahan;Ronald Regan;Circle;15;Lagunillas;23281;14,15
Suki;Dungay;sdungaypd@mail.ru;Hyatt-Rogahn;Mcguire;Point;1;La Unión;18501;15
Keane;Angus;kanguspe@ft.com;Schroeder, Bogan and Abernathy;Fremont;Trail;20;Jomboy;54750;4,5
Margie;Beavors;mbeavorspf@lycos.com;Feeney, Grimes and Wuckert;Shopko;Avenue;9;Corral;18269;2,4,5
Tybie;Staddart;tstaddartpg@google.com;Kunde LLC;Dunning;Park;13;Bassa;22028;2,4
Adey;Kleinbaum;akleinbaumph@booking.com;Crooks, McLaughlin and Roberts;Carey;Park;8;Shuihu;72220;8,9
Yorker;Beckworth;ybeckworthpi@reddit.com;Dare LLC;Duke;Street;6;Shizong;35129;11
Tami;Paolazzi;tpaolazzipj@oakley.com;Christiansen, Douglas and Conn;Rigney;Junction;8;Xinhua;44293;10
Janifer;Lympenie;jlympeniepk@businessinsider.com;Green, Jakubowski and Bauch;Lyons;Court;16;El Llano;90305;12
Misty;Tarquinio;mtarquiniopl@buzzfeed.com;Hettinger Group;Pankratz;Way;18;Cijoho;15602;8,9
Colly;McCullouch;cmccullouchpm@weather.com;Bashirian LLC;Cambridge;Road;29;Rancageneng Satu;50617;1,6,12
Kennith;Volante;kvolantepn@nyu.edu;Zieme and Sons;5th;Terrace;10;Waxi;84006;11
Terry;Mennithorp;tmennithorppo@vkontakte.ru;Rohan, Marvin and Johnson;Ronald Regan;Hill;27;Bela-Bela;51131;9
Adolpho;Stormouth;astormouthpp@ehow.com;Homenick Inc;Village Green;Court;12;Hede;27217;13,14,15
Ettie;Swale;eswalepq@twitter.com;Schinner-Sawayn;Northwestern;Hill;1;Salekhard;29755;2,3,4,5,7
Wolfgang;Pilch;wpilchpr@rediff.com;Kihn-Barton;Laurel;Crossing;5;Tianyu;18631;6,7
Vilma;Ledeker;vledekerps@desdev.cn;Yost, Schumm and Wintheiser;Eastlawn;Crossing;3;Hashaat;42243;8,9,10,11
Bobbee;McEniry;bmcenirypt@howstuffworks.com;Treutel, Zemlak and Kub;Kim;Avenue;22;Qingjiang;47027;10,11
Starlin;Spehr;sspehrpu@infoseek.co.jp;Lowe, Pagac and Senger;Mesta;Crossing;5;Shichuan;65713;3,4,5,6,7
Cinderella;Butterly;cbutterlypv@wunderground.com;Graham and Sons;Eggendart;Terrace;8;Navais;47619;1,12,13,14,15
Gisella;Masedon;gmasedonpw@alexa.com;Konopelski-Hyatt;Hoard;Park;18;Sangongqiao;91689;1,6
Fifine;Jopp;fjopppx@reuters.com;Pouros, Von and Kunde;Spaight;Junction;27;Jönköping;85302;14,15
Vida;Layman;vlaymanpy@bbc.co.uk;Boehm-Bechtelar;Dunning;Court;5;Nantes;15093;15
Keslie;Loblie;klobliepz@ucoz.ru;Ritchie-Brakus;Kensington;Circle;5;Torsås;93123;4,5
Marion;Edmondson;medmondsonq0@blinklist.com;Cruickshank-Goodwin;Tony;Alley;29;Guashe;36446;2,4,5
Manya;Antonin;mantoninq1@goodreads.com;Haley and Sons;Vermont;Lane;6;Bačka Topola;37849;2,4
Brooke;McGoon;bmcgoonq2@chronoengine.com;Thompson and Sons;Service;Lane;10;Georgetown;16497;8,9
Adan;Jakes;ajakesq3@intel.com;Swift, Cartwright and Volkman;Eggendart;Park;2;Irirum;99637;11
Lonni;Gwyneth;lgwynethq4@boston.com;Bernier, Parker and Bartoletti;David;Avenue;26;Atlanta;48251;10
Zorine;Garritley;zgarritleyq5@springer.com;Moen-Waelchi;Michigan;Parkway;16;Kotabaru Hilir;47587;12
Adams;Goldsbrough;agoldsbroughq6@state.gov;Nikolaus-Bayer;Sullivan;Park;4;Águas Formosas;96534;8,9
Ashleigh;Heberden;aheberdenq7@tinyurl.com;Muller, Cormier and White;Village;Street;20;Mi’ersi;47057;1,6,12
Laureen;Roobottom;lroobottomq8@columbia.edu;Greenfelder Group;Elgar;Alley;1;Chambéry;36158;11
Olin;Legister;olegisterq9@wikia.com;Upton, Walsh and Lehner;Jay;Plaza;3;Sibayo;26937;9
Yves;Borton;ybortonqa@about.com;Wilkinson LLC;Carioca;Circle;29;Gwadabawa;89989;13,14,15
Geri;Harber;gharberqb@hubpages.com;Cummerata Group;David;Point;4;Rikitgaib;56385;2,3,4,5,7
Brigid;Housen;bhousenqc@geocities.jp;Brekke, Hamill and Roberts;Blackbird;Street;13;Lampitak;34225;6,7
Raquela;Dumelow;rdumelowqd@nbcnews.com;Larson, Hauck and Friesen;Rieder;Park;14;Rucheng Chengguanzhen;27043;8,9,10,11
Jarrad;Ebbin;jebbinqe@cdc.gov;Thompson, Harris and Marks;Springs;Lane;27;Lipsko;22601;10,11
Jude;Klimko;jklimkoqf@wired.com;Dach-Hauck;Hermina;Hill;4;Ciudad Choluteca;39764;3,4,5,6,7
Maible;Amiss;mamissqg@wikispaces.com;Gerlach, Gislason and Bogan;Cottonwood;Circle;19;Metahāra;39281;1,12,13,14,15
Brittan;Dowall;bdowallqh@google.es;Weber, Howell and Hickle;Nobel;Pass;20;Rixi;52065;1,6
Eward;Lovart;elovartqi@ocn.ne.jp;Zulauf Group;Ramsey;Alley;4;Huangcun;93336;14,15
Virge;Pettyfer;vpettyferqj@intel.com;O'Connell Group;Raven;Crossing;4;Margahayu;98160;15
Hugibert;Pluck;hpluckqk@state.tx.us;Hagenes, Marvin and Connelly;Morningstar;Street;25;Chengdong;58640;4,5
Lucia;Cunney;lcunneyql@tiny.cc;Smitham-Bauch;Mesta;Parkway;8;Maimará;77391;2,4,5
Karna;Maris;kmarisqm@slideshare.net;Mayer, Brekke and Osinski;Canary;Alley;24;Al Ḩīlah;90191;2,4
Berkeley;Trouncer;btrouncerqn@spotify.com;Kessler Group;Anderson;Park;14;Alcalá;79288;8,9
Lia;Ort;lortqo@cargocollective.com;Kutch Inc;Oak Valley;Crossing;27;Vermelha;39982;11
Netta;Vasiliu;nvasiliuqp@wisc.edu;Hartmann and Sons;Glendale;Drive;11;Roriz;34146;10
Sully;Kennington;skenningtonqq@dropbox.com;Rosenbaum, Hane and Moen;Duke;Hill;14;Savonlinna;56273;12
Angie;Tolworthy;atolworthyqr@wordpress.org;Cartwright, Mitchell and Torphy;Prentice;Circle;3;Nyeri;35180;8,9
Penny;Jolley;pjolleyqs@github.com;Raynor-Stroman;Killdeer;Crossing;11;Bantardawa;43102;1,6,12
Layla;Goult;lgoultqt@stumbleupon.com;Feeney, Daniel and Mraz;Kennedy;Road;10;Hasan;65663;11
Devondra;Moen;dmoenqu@deliciousdays.com;Torp, Parisian and Schuppe;Hoard;Parkway;2;Villa Las Rosas;65173;9
Atlante;Kleuer;akleuerqv@msn.com;Nader and Sons;Little Fleur;Circle;6;Mytishchi;54303;13,14,15
Corabella;Milbourn;cmilbournqw@washington.edu;Mertz-Murazik;Basil;Park;22;Mantes-la-Jolie;59801;2,3,4,5,7
Padraic;Meldrum;pmeldrumqx@xrea.com;Padberg LLC;Lighthouse Bay;Pass;10;Camp Flora;37692;6,7
Gerick;Sapsed;gsapsedqy@cbc.ca;Treutel, Jakubowski and Pacocha;Rusk;Plaza;4;Al Hoceïma;30309;8,9,10,11
Glennie;Gouley;ggouleyqz@bluehost.com;Nikolaus, Beier and Crona;Donald;Junction;26;Bulualto;81805;10,11
Hanny;Gravet;hgravetr0@homestead.com;Conn-Kling;American;Lane;16;Malakand;61962;3,4,5,6,7
Ewell;Darracott;edarracottr1@reverbnation.com;Goodwin, Abernathy and Hudson;Reindahl;Terrace;11;Ridderkerk;22491;1,12,13,14,15
Troy;Holehouse;tholehouser2@bloglines.com;Buckridge Inc;Melvin;Way;9;Xilin;23498;1,6
Elfrida;Woodberry;ewoodberryr3@merriam-webster.com;Runolfsson-Hickle;Parkside;Drive;29;Bu‘eina;43226;14,15
Shannon;Wartnaby;swartnabyr4@ehow.com;Murray-Crist;Moose;Center;19;Shtip;65255;15
Eugenio;Poter;epoterr5@vkontakte.ru;Hayes-Bergnaum;Spaight;Avenue;6;Gayam;80830;4,5
Mohandas;Grimshaw;mgrimshawr6@ibm.com;Zboncak and Sons;Pond;Alley;21;Wilkes Barre;49531;2,4,5
Palmer;Ovid;povidr7@army.mil;Brakus, Ward and Bahringer;Basil;Avenue;9;Cirumput;79623;2,4
Marni;De Gouy;mdegouyr8@live.com;Funk Group;Rockefeller;Drive;26;Kuštilj;96117;8,9
Graig;Domino;gdominor9@youtu.be;Mante LLC;Morrow;Court;4;Ratoath;62294;11
Gilburt;Kasman;gkasmanra@delicious.com;Bogan-Grant;Bonner;Circle;8;Sanqu;87535;10
Elysia;Rosenvasser;erosenvasserrb@naver.com;Kuhic-Sawayn;Glendale;Court;8;Āshtīān;95549;12
Rene;Cisco;rciscorc@privacy.gov.au;Rath-Green;South;Court;18;Irricana;85194;8,9
Alecia;Btham;abthamrd@squarespace.com;Pfeffer-Bradtke;Melrose;Place;1;Mosteiró;27388;1,6,12
Elena;Mazin;emazinre@tinypic.com;McGlynn-Stoltenberg;Cherokee;Crossing;22;Danjiangkou;27281;11
Laureen;Belfit;lbelfitrf@fema.gov;Vandervort-Kassulke;Caliangt;Center;18;Kuryłówka;75854;9
Elisa;Prout;eproutrg@usnews.com;Schaefer-Schneider;Parkside;Way;20;Manicaragua;30192;13,14,15
Adora;Rackam;arackamrh@dedecms.com;Quitzon-Schmeler;Main;Park;17;Bački Breg;75613;2,3,4,5,7
Kimberlee;Turmell;kturmellri@meetup.com;Oberbrunner-Barton;Hansons;Way;29;Kylmäkoski;32637;6,7
Alejandrina;Nordass;anordassrj@nature.com;Rippin-Pollich;Waxwing;Street;2;Xixiang;76610;8,9,10,11
Odille;Van der Krui;ovanderkruirk@themeforest.net;Schumm-Block;Clove;Junction;5;Władysławowo;58238;10,11
Etta;Flindall;eflindallrl@google.com;Mitchell and Sons;Meadow Ridge;Parkway;5;Gabaldon;46756;3,4,5,6,7
Ranna;Decourcy;rdecourcyrm@wikipedia.org;Strosin, Gusikowski and Huels;Briar Crest;Junction;1;Mulatupo;15345;1,12,13,14,15
Gisella;Kenen;gkenenrn@independent.co.uk;Cronin, Harris and Harris;Dwight;Avenue;28;Zhen’an;36035;1,6
Mia;Mannock;mmannockro@trellian.com;Blanda Group;Summer Ridge;Terrace;19;Sinubong;64951;14,15
Moyna;Franchioni;mfranchionirp@apache.org;VonRueden Inc;Cottonwood;Drive;14;Dzhebariki-Khaya;35613;15
Adriena;Lantiffe;alantifferq@linkedin.com;McCullough Inc;American;Place;22;Jāsk;36167;4,5
Easter;Coverlyn;ecoverlynrr@live.com;Bosco Inc;Bultman;Avenue;29;San Diego;46488;2,4,5